page,area,zone,method,pokemon,rate_pct,held_items
11,combate (excepto las que se basan en objetos que el Pokémon puede llevar).,,fish,​ 70% Krabby. Puede dropear “Agua Vital”,,
11,combate (excepto las que se basan en objetos que el Pokémon puede llevar).,,fish,"​ 30% Shellder. Puede dropear “Perla”, y, más raramente, “Perla Grande”",,
13,COMBATE N°1 CONTRA RIVAL CRISANTO,,land,​ 20% Mareep (Dropea Polvo Brillante),,
13,COMBATE N°1 CONTRA RIVAL CRISANTO,,land,​ 20% Bidoof Z (Dropea Baya Meloc),,
13,COMBATE N°1 CONTRA RIVAL CRISANTO,,land,​ 20% Cherubi (Dropea Musgo Aromático y raramente Semilla Milagro),,
13,COMBATE N°1 CONTRA RIVAL CRISANTO,,land,​ 20% Fletchling (Dropea Pluma Suave),,
13,COMBATE N°1 CONTRA RIVAL CRISANTO,,land,​ 20% Scatterbug (Dropea Rocío Matinal),,
13,COMBATE N°1 CONTRA RIVAL CRISANTO,,fish,​ 70% Poliwag (Dropea Agua Vital),,
13,COMBATE N°1 CONTRA RIVAL CRISANTO,,fish,​ 30% Psyduck (Dropea Baya Meloc),,
13,COMBATE N°1 CONTRA RIVAL CRISANTO,,land,​ 20% Ekans (Dropea Poketoxina),,
13,COMBATE N°1 CONTRA RIVAL CRISANTO,,land,​ 20% Mankey (Dropea Baya Payapa),,
13,COMBATE N°1 CONTRA RIVAL CRISANTO,,land,​ 20% Hoppip (No tiene drop),,
13,COMBATE N°1 CONTRA RIVAL CRISANTO,,land,​ 20% Poochyena (Dropea Pelaje Fino y raramente Baya Meloc),,
13,COMBATE N°1 CONTRA RIVAL CRISANTO,,land,​ 20% Bunnelby (Dropea Baya Meloc),,
14,COMBATE N°1 CONTRA RIVAL CRISANTO,,fish,​ 70% Marill (Dropea Agua Vital),,
14,COMBATE N°1 CONTRA RIVAL CRISANTO,,fish,​ 30% Slowpoke (Dropea Fluido Onírico y raramente Cola Plúmbea),,
14,COMBATE N°1 CONTRA RIVAL CRISANTO,,fish,"​ CAÑA DE PESCAR: Te la da una pirata que se encuentra al norte de la ciudad, al",,
14,COMBATE N°1 CONTRA RIVAL CRISANTO,,fish,​ Antídoto: En la parte inferior izquierda en forma de poké ball,,
14,COMBATE N°1 CONTRA RIVAL CRISANTO,,fish,​ Baya Meloc: Papelera en la casa a la derecha del Centro Pokémon,,
14,COMBATE N°1 CONTRA RIVAL CRISANTO,,fish,​ Baya Meloc: Papelera en la casa a la izquierda del Centro Pokémon,,
14,COMBATE N°1 CONTRA RIVAL CRISANTO,,fish,​ Cascabel Alivio: Te la da una señora en la casa a la derecha del Centro Pokémon,,
14,COMBATE N°1 CONTRA RIVAL CRISANTO,,fish,​ MT83 Avivar: Te lo da una chica en los viñedos de la casa del Capitán Merlot,,
14,COMBATE N°1 CONTRA RIVAL CRISANTO,,fish,"​ Ataque X: Te la da una mosquetera dentro de la casa del Capitán Merlot, al fondo del",,
14,COMBATE N°1 CONTRA RIVAL CRISANTO,,fish,"​ Cinta Fuerte: Subiendo por las escaleras centrales a la planta superior, nos la",,
14,COMBATE N°1 CONTRA RIVAL CRISANTO,,fish,​ Pluma Suave y Madera: En una caja ubicada en la bodega de vino en la casa del,,
14,COMBATE N°1 CONTRA RIVAL CRISANTO,,fish,​ Virutas Férreas y Madera: En una caja ubicada en la bodega de vino en la casa del,,
14,COMBATE N°1 CONTRA RIVAL CRISANTO,,fish,​ Polvo de Hueso: Al fondo de las Catacumbas Meridionales,,
14,COMBATE N°1 CONTRA RIVAL CRISANTO,,fish,​ Chapa Fuerte: Como poké ball detrás del arbusto que cortaremos con la Hachuela,,
15,Catacumbas Meridionales (Opcional),,dust,​ 25% Rattata (Dropea Pelaje Fino y raramente Baya Chilan),,
15,Catacumbas Meridionales (Opcional),,dust,​ 25% Spiranak (Dropea Pokétoxina y raramente Rocío Matinal),,
15,Catacumbas Meridionales (Opcional),,dust,​ 18% Woobat (Dropea Fluido Onírico),,
15,Catacumbas Meridionales (Opcional),,dust,​ 12% Gastly (Dropea Ectoplasma y raramente Polvo de Hueso),,
15,Catacumbas Meridionales (Opcional),,dust,​ 10% Purrloin (Dropea Baya Meloc y raramente Extracto Sombrío),,
17,COMBATE N° 1 CONTRA RIVAL MELIA:,Zona 1,land,​ 20% Pidgey (No tiene dropeo),,
17,COMBATE N° 1 CONTRA RIVAL MELIA:,Zona 1,land,​ 20% Scatterbug (Dropea Rocío Matinal),,
17,COMBATE N° 1 CONTRA RIVAL MELIA:,Zona 1,land,​ 20% Litleo (Dropea Brasa Candente y raramente Pelaje Fino),,
17,COMBATE N° 1 CONTRA RIVAL MELIA:,Zona 1,land,​ 20% Skiddo (Dropea Musgo Aromático y raramente Baya Aranja),,
17,COMBATE N° 1 CONTRA RIVAL MELIA:,Zona 1,land,​ 10% Nidoran-F (Dropea Poketoxina y raramente Baya Meloc),,
17,COMBATE N° 1 CONTRA RIVAL MELIA:,Zona 1,land,​ 10% Nidoran-M (Dropea Poketoxina y raramente Baya Meloc),,
17,Zona 2:,,fish,​ 70% Psyduck (Dropea Baya Meloc),,
17,Zona 2:,,fish,​ 30% Lotad (Dropea Baya Meloc),,
18,Entrenadores en la Ruta 2:,Planta Baja,dust,​ 20% Zubat (Dropea Poketoxina),,
18,Entrenadores en la Ruta 2:,Planta Baja,dust,​ 20% Onix (Dropea Mineral Extraño y raramente Grava Seca),,
18,Entrenadores en la Ruta 2:,Planta Baja,dust,"​ 20% Clefairy (Dropea Baya Zanama, raramente Piedra Lunar y muy raramente",,
18,Entrenadores en la Ruta 2:,Planta Baja,dust,​ 20% Roggenrola (Dropea Piedra Eterna y raramente Piedra Dura),,
18,Entrenadores en la Ruta 2:,Planta Baja,dust,​ 20% Rolycoly (No tiene drop),,
18,Entrenadores en la Ruta 2:,,fish,​ 70% Wooper (Dropea Agua Vital y raramente Grava Seca),,
18,Entrenadores en la Ruta 2:,,fish,​ 30% Slowpoke (Dropea Fluido Onírico y raramente Cola Plúmbea),,
19,Sótano:,,fish,​ 70% Barboach (Dropea Agua Vital y raramente Grava Seca),,
19,Sótano:,,fish,​ 30% Slowpoke (Dropea Fluido Onírico y raramente Cola Plúmbea),,
20,Entrenadores en la Cueva Grisalla:,,land,​ 20% Ledyba (Dropea Rocío Matinal),,
20,Entrenadores en la Cueva Grisalla:,,land,​ 20% Ralts (Dropea Fluido Onírico y raramente Azúcar Meloso),,
20,Entrenadores en la Cueva Grisalla:,,land,​ 20% Ducklett (Dropea Pluma Suave),,
20,Entrenadores en la Cueva Grisalla:,,land,​ 20% Flabebe (Dropea Azúcar Meloso),,
20,Entrenadores en la Cueva Grisalla:,,land,​ 18% Snubbull (Dropea Azúcar Meloso),,
20,Entrenadores en la Cueva Grisalla:,,land,​ 2% Dunsparce (Dropea Frasco Cristalino),,
20,Entrenadores en la Cueva Grisalla:,,fish,​ 70% Ducklett (Dropea Pluma Suave),,
20,Entrenadores en la Cueva Grisalla:,,fish,​ 30% Dewpider (Dropea Rocío Matinal y raramente Agua Mística),,
24,Entrenadores en la Cueva Grisalla:,ZONA 1,land,​ 20% Pikachu Z (Dropea Polvo Brillante y raramente Baya Aranja),,
24,Entrenadores en la Cueva Grisalla:,ZONA 1,land,​ 20% Drowzee (Dropea Fluido Onírico y raramente Frasco Cristalino),,
24,Entrenadores en la Cueva Grisalla:,ZONA 1,land,​ 20% Houndour (Dropea Brasa Candente y raramente Extracto Sombrío),,
24,Entrenadores en la Cueva Grisalla:,ZONA 1,land,​ 20% Croagunk (Dropea Poketoxina y raramente Lodo Negro),,
24,Entrenadores en la Cueva Grisalla:,ZONA 1,land,​ 10% Hoothoot (No tiene drop),,
24,Entrenadores en la Cueva Grisalla:,ZONA 1,land,​ 10% Wooper (Dropea Agua Vital y raramente Grava Seca),,
24,Entrenadores en la Cueva Grisalla:,ZONA 2,land,​ 20% Pikachu Z (Dropea Polvo Brillante y raramente Baya Aranja),,
24,Entrenadores en la Cueva Grisalla:,ZONA 2,land,​ 20% Croagunk (Dropea Poketoxina y raramente Lodo Negro),,
24,Entrenadores en la Cueva Grisalla:,ZONA 2,land,​ 20% Morelull (Dropea Mini Seta y raramente Seta Grande),,
24,Entrenadores en la Cueva Grisalla:,ZONA 2,land,​ 20% Houndour (Dropea Brasa Candente y raramente Extracto Sombrío),,
24,Entrenadores en la Cueva Grisalla:,ZONA 2,land,​ 10% Nickit (Dropea Extracto Sombrío y raramente Madera),,
24,Entrenadores en la Cueva Grisalla:,ZONA 2,land,​ 10% Flittle (No tiene drop),,
25,Entrenadores en la Ruta 3:,,land,"​ Flor Repelente: Yendo hacia la derecha, pasando por un charco de agua, al norte del",,
25,Entrenadores en la Ruta 3:,,land,"​ Superpoción: Apenas entrando a la segunda parte de la ruta, caminar por el charco",,
25,Entrenadores en la Ruta 3:,,land,"​ Raíz grande: Desde donde hemos peleado con el team Azoth, caminar hacia abajo y",,
25,Entrenadores en la Ruta 3:,,land,"​ Página de Alquimia Pokemon: En la segunda parte de la ruta, entrar al charco de",,
25,Entrenadores en la Ruta 3:,,land,"​ Chapa Sabia: Tras los molinos, subiendo la pared de roca, necesitamos la Montura",,
25,Entrenadores en la Ruta 3:,,land,"​ Grimer, nivel 12. Gas venenoso, Bofetón lodo y Destructor",,
25,Entrenadores en la Ruta 3:,,land,"​ Gothorita, nivel 12. Doble Bofetón, Confusión e Hipnosis",,
25,Entrenadores en la Ruta 3:,,land,"​ Munna, nivel 12. Poder Reserva, Rizo defensa y placaje",,
26,Entrenadores en la Ruta 3:,,land,"​ Furfrou Boss, estado caduco, nivel 11. Hab: Pelaje Recio. (Reduce a la mitad el",,
26,Entrenadores en la Ruta 3:,,land,​ 20% Pikachu Regional (Dropea Polvo Brillante y raramente Baya Aranja),,
26,Entrenadores en la Ruta 3:,,land,​ 20% Jigglypuff (No tiene drop),,
26,Entrenadores en la Ruta 3:,,land,​ 20% Gulpin (Dropea Poketoxina y raramente Perla Grande),,
26,Entrenadores en la Ruta 3:,,land,​ 10% Drifloon (Dropea Ectoplasma),,
26,Entrenadores en la Ruta 3:,,land,​ 10% Pancham (Dropea Madera),,
26,Entrenadores en la Ruta 3:,,land,​ 18% Zigzagoon Galar (Dropea Pelaje Fino y raramente Baya Aranja),,
27,Entrenadores en la Ruta 3:,,land,​ 2% Spoink (Dropea Fluido Onírico y raramente Baya Yecana),,
27,Entrenadores en la Ruta 3:,,fish,​ 70% Chinchou (Dropea Polvo Brillante y raramente Escama Marina),,
27,Entrenadores en la Ruta 3:,,fish,​ 30% Tentacool (Dropea Agua Vital y raramente Flecha Venenosa),,
31,Regente Canola,,land,​ 20% Pineco (Dropea Rocío Matinal),,
31,Regente Canola,,land,​ 20% Shinx (Dropea Polvo Brillante y raramente Guijarro),,
31,Regente Canola,,land,​ 20% Budew (Dropea Musgo Aromático y raramente Flecha Venenosa),,
31,Regente Canola,,land,​ 18% Skitty (Dropea Azúcar Meloso y raramente Baya Zanama),,
31,Regente Canola,,land,​ 10% Spearow (No tiene drop),,
31,Regente Canola,,land,​ 10% Swirlix (No tiene drop),,
31,Regente Canola,,land,​ 2% Riolu (Dropea Fibra Elástica),,
31,Regente Canola,,fish,​ 70% Tympole (Dropea Baya Caquic y raramente Grava Seca),,
31,Regente Canola,,fish,​ 30% Surskit (Dropea Rocío Matinal y raramente Agua Vital),,
31,Entrenadores Ruta 4:,,land,​ Guijarro x2: En una piedra oscura que desprende un brillo del lado derecho de la,,
32,Entrenadores Ruta 4:,,land,​ 20% Kricketot Z (Dropea Guijarro y raramente Metrónomo),,
32,Entrenadores Ruta 4:,,land,​ 20% Morelull (Dropea Mini Seta y raramente Seta Grande),,
32,Entrenadores Ruta 4:,,land,​ 20% Blipbug (Dropea Fluido Onírico y raramente Rocío Matinal),,
32,Entrenadores Ruta 4:,,land,​ 20% Nymble (Dropea Rocío Matinal y raramente Extracto Sombrío),,
32,Entrenadores Ruta 4:,,land,​ 9% Panpour (Dropea Baya Aranja y raramente Baya Tamar),,
32,Entrenadores Ruta 4:,,land,​ 6% Pansear (Dropea Baya Aranja y raramente Baya Pasio),,
32,Entrenadores Ruta 4:,,land,​ 5% Pansage (Dropea Baya Aranja y raramente Baya Caoca),,
32,Entrenadores Bosque Ladera:,,land,"​ Éter: Tras pasar a la primera entrenadora, ir a la izquierda, bajar una escaleras y",,
32,Entrenadores Bosque Ladera:,,land,"​ Polvo Brillante: En forma de pokéball en el centro del bosque, desde la entrada del",,
32,Entrenadores Bosque Ladera:,,land,"​ Rocío Matinal: Antes de llegar a la entrada de la segunda parte de la ruta 4, ir hacia",,
33,Entrenadores Bosque Ladera:,,land,"​ MT19 Abrecaminos. Tras pasar a la primera entrenadora del bosque, deberemos ir",,
33,Entrenadores Bosque Ladera:,,land,"​ Página de Alquimia Pokémon: Debes tomar una salida alterna del bosque, en lugar",,
33,Entrenadores Ruta 4 Parte 2:,,land,​ 20% Kricketot Z (Dropea Guijarro y raramente Metrónomo),,
33,Entrenadores Ruta 4 Parte 2:,,land,​ 20% Phantump (Dropea Madera),,
33,Entrenadores Ruta 4 Parte 2:,,land,​ 20% Spidops (No tiene drop),,
34,Entrenadores Ruta 4 Parte 2:,,land,​ 20% Murkrow (Dropea Guijarro y raramente Mineral Extraño),,
34,Entrenadores Ruta 4 Parte 2:,,land,​ 9% Panpour (Dropea Baya Aranja y raramente Baya Tamar),,
34,Entrenadores Ruta 4 Parte 2:,,land,​ 6% Pansear (Dropea Baya Aranja y raramente Baya Pasio),,
34,Entrenadores Ruta 4 Parte 2:,,land,​ 5% Pansage (Dropea Baya Aranja y raramente Baya Caoca),,
34,Entrenadores Ruta 4 Parte 2:,,fish,​ 70% Surskit (Dropea Rocío Matinal y raramente Agua Vital),,
34,Entrenadores Ruta 4 Parte 2:,,fish,​ 30% Lotad (Dropea Baya Meloc),,
34,Entrenadores Bosque Ladera Parte 2:,,land,"​ Observaciones del Team Azoth: Es un libro tirado en la parte superior del bosque,",,
34,Entrenadores Bosque Ladera Parte 2:,,land,"​ Mini seta: En la parte superior derecha del bosque, luego de pasar un tronco por",,
34,Entrenadores Bosque Ladera Parte 2:,,land,"​ Página de Alquimia Pokemon: Una vez finalizado el combate Boss, a la izquierda",,
34,Entrenadores Bosque Ladera Parte 2:,,land,"​ Chapa Espíritu: En la parte superior derecha del bosque, luego de pasar un tronco",,
34,Entrenadores Bosque Ladera Parte 2:,,land,"​ MT81 Tijera X. En la zona inferior izquierda hay un lago, necesitaremos poder",,
39,COMBATE N° 2 CONTRA RIVAL CRISANTO:,,land,​ 20% Abra (Dropea Fluido Onírico y raramente Cuchara Torcida),,
39,COMBATE N° 2 CONTRA RIVAL CRISANTO:,,land,​ 20% Bellsprout ( Dropea Baya Meloc y raramente Pokétoxina),,
39,COMBATE N° 2 CONTRA RIVAL CRISANTO:,,land,​ 20% Shroomish (Dropea Baya Kebia),,
39,COMBATE N° 2 CONTRA RIVAL CRISANTO:,,land,​ 10% Timburr (Dropea Madera),,
39,COMBATE N° 2 CONTRA RIVAL CRISANTO:,,land,​ 10% Pancham (Dropea Madera),,
39,COMBATE N° 2 CONTRA RIVAL CRISANTO:,,land,​ 18% Lillipup (Dropea Baya Meloc y raramente Baya Aranja),,
39,COMBATE N° 2 CONTRA RIVAL CRISANTO:,,land,​ 2% Combee (Dropea Miel),,
40,COMBATE N° 2 CONTRA RIVAL CRISANTO:,Zona 1,land,​ 20% Lillipup (Dropea Baya Meloc y raramente Baya Aranja),,
40,COMBATE N° 2 CONTRA RIVAL CRISANTO:,Zona 1,land,​ 20% Tinkatink (Dropea Virutas Férreas y raramente Azúcar Meloso),,
40,COMBATE N° 2 CONTRA RIVAL CRISANTO:,Zona 1,land,​ 20% Toxel (No tiene drop),,
40,COMBATE N° 2 CONTRA RIVAL CRISANTO:,Zona 1,land,​ 18% Espurr (Dropea Fluido Onírico y raramente Baya Aranja),,
40,COMBATE N° 2 CONTRA RIVAL CRISANTO:,Zona 1,land,​ 10% Sunkern (Dropea Baya Kouba),,
40,COMBATE N° 2 CONTRA RIVAL CRISANTO:,Zona 1,land,​ 10% Sunflora (Dropea Musgo Aromático y raramente Piedra Solar),,
40,COMBATE N° 2 CONTRA RIVAL CRISANTO:,Zona 1,land,​ 2% Ditto (Dropea Polvo Veloz y raramente Polvo Metálico),,
40,COMBATE N° 2 CONTRA RIVAL CRISANTO:,Zona 2,land,​ 20% Sandshrew (Dropea raramente Garra Rápida),,
40,COMBATE N° 2 CONTRA RIVAL CRISANTO:,Zona 2,land,​ 20% Fletchinder (No tiene drop),,
40,COMBATE N° 2 CONTRA RIVAL CRISANTO:,Zona 2,land,​ 20% Tangela (No tiene drop),,
40,COMBATE N° 2 CONTRA RIVAL CRISANTO:,Zona 2,land,​ 20% Grubbin (Dropea Polvo Brillante y raramente Rocío Matinal),,
40,COMBATE N° 2 CONTRA RIVAL CRISANTO:,Zona 2,land,​ 18% Espurr (Dropea Fluido Onírico y raramente Baya Aranja),,
40,COMBATE N° 2 CONTRA RIVAL CRISANTO:,Zona 2,land,​ 2% Ditto (Dropea Polvo Veloz y raramente Polvo Metálico),,
40,COMBATE N° 2 CONTRA RIVAL CRISANTO:,,fish,​ 70% Chewtle (Dropea Mineral Extraño y raramente Agua Vital),,
40,COMBATE N° 2 CONTRA RIVAL CRISANTO:,,fish,​ 30% Lombre (No tiene drop),,
41,Entrenadores Ruta 5:,,land,"​ Superpoción: Al lado izquierdo de la guardería, tras hierba alta",,
41,Entrenadores Ruta 5:,,land,"​ Guijarro: En la segunda parte de la ruta, está en la piedra al lado del cartel",,
41,Entrenadores Ruta 5:,,land,"​ MT51 Hidropulso. Apenas entrando a la segunda parte de la ruta, ir por el camino",,
41,Entrenadores Ruta 5:,,land,"​ Ataque X: Una vez subiendo por las escaleras al lado del cartel, tomar la pasarela de",,
41,Entrenadores Ruta 5:,,land,"​ Lupa: En forma de pokéball en la segunda parte de la ruta, debemos tomar el camino",,
41,Entrenadores Ruta 5:,,land,"​ Guijarro: En la segunda parte de la ruta, debemos tomar el camino izquierdo sin",,
41,Entrenadores Ruta 5:,,land,"​ Guijarro: Pasando a la Burguesa, bajar las escaleras, subir e ir a la derecha. Es una",,
41,Entrenadores Ruta 5:,,land,"​ Virutas Férreas y Guijarro: Pasando a la Burguesa, bajar las escaleras e ir hacia",,
41,Entrenadores Ruta 5:,,land,"​ Menta Firme: En la parte superior de la ruta, detrás de 3 arbustos que se podrán",,
41,Entrenadores Ruta 5:,,land,"​ Página Alquimia Pokémon: En la segunda parte de la ruta, abajo derecha para volver",,
43,COMBATE N° 2 CONTRA RIVAL MELIA:,,land,"​ 20% Growlithe (Dropea Baya Meloc, raramente Baya Aranja y muy raro Baya Zidra)",,
43,COMBATE N° 2 CONTRA RIVAL MELIA:,,land,​ 20% Natu (No tiene drop),,
43,COMBATE N° 2 CONTRA RIVAL MELIA:,,land,​ 20% Pawniard (Dropea Virutas Férreas y raramente Extracto Sombrío),,
43,COMBATE N° 2 CONTRA RIVAL MELIA:,,land,​ 18% Axew (Dropea Escama Dura y raramente Guijarro),,
43,COMBATE N° 2 CONTRA RIVAL MELIA:,,land,​ 10% Stantler (Dropea Pelaje Fino y raramente Fluido Onírico),,
43,COMBATE N° 2 CONTRA RIVAL MELIA:,,land,​ 10% Capsakid (No tiene drop),,
43,COMBATE N° 2 CONTRA RIVAL MELIA:,,land,​ 2% Farfetch’d Galar (Dropea Pluma Suave y raramente Palo),,
44,COMBATE N° 2 CONTRA RIVAL MELIA:,,fish,​ 70% Chewtle (Dropea Mineral Extraño y raramente Agua Vital),,
44,COMBATE N° 2 CONTRA RIVAL MELIA:,,fish,​ 30% Lombre (No tiene drop),,
44,COMBATE N° 2 CONTRA RIVAL MELIA:,,land,"​ Baya Meloc: Apenas entrando, a la derecha entre la hierba alta",,
44,COMBATE N° 2 CONTRA RIVAL MELIA:,,land,"​ Guijarro: A la derecha de las estatuas de los reyes, hay un camino de hierba alta,",,
44,COMBATE N° 2 CONTRA RIVAL MELIA:,,land,"​ MT101 Brinco. A la izquierda de las estatuas, tomar el camino hacia abajo en un",,
44,COMBATE N° 2 CONTRA RIVAL MELIA:,,land,"​ Página de Alquimia Pokemon: A la izquierda de las estatuas, tomar el camino hacia",,
45,COMBATE N° 2 CONTRA RIVAL MELIA:,,land,​ 20% Houndour (Dropea Brasa Candente y raramente Extracto Sombrío),,
45,COMBATE N° 2 CONTRA RIVAL MELIA:,,land,​ 20% Cottonee (Dropea Azúcar Meloso y raramente Musgo Aromático),,
45,COMBATE N° 2 CONTRA RIVAL MELIA:,,land,​ 20% Emolga (Dropea Baya Zreza),,
45,COMBATE N° 2 CONTRA RIVAL MELIA:,,land,​ 14% Mime Jr. (Dropea Baya Zanama),,
45,COMBATE N° 2 CONTRA RIVAL MELIA:,,land,​ 10% Oddish (Dropea Baya Meloc y raramente Musgo Aromático),,
45,COMBATE N° 2 CONTRA RIVAL MELIA:,,land,​ 10% Magnemite (Dropea Polvo Brillante y raramente Revest. Metálico),,
45,COMBATE N° 2 CONTRA RIVAL MELIA:,,land,​ 6% Mr. Mime (Dropea Polvo Brillante y raramente Baya Zanama),,
45,COMBATE N° 2 CONTRA RIVAL MELIA:,,land,"​ Lujo Ball: Te la da una Burguesa en el Centro Pokémon, está al lado del mostrador",,
45,COMBATE N° 2 CONTRA RIVAL MELIA:,,land,​ Grava Seca: Te la da un Burgués que se encuentra sentado en las mesas en frente,,
45,COMBATE N° 2 CONTRA RIVAL MELIA:,,land,​ MT46 Ladrón. Te la vende una chica disfrazada de ladrona en el segundo piso del,,
45,COMBATE N° 2 CONTRA RIVAL MELIA:,,land,​ Revestimiento metálico: Te lo da un campesino en el primer piso del edificio de la,,
45,COMBATE N° 2 CONTRA RIVAL MELIA:,,land,​ Virutas Férreas: En la papelera del primer piso del edificio ubicado a la derecha,,
45,COMBATE N° 2 CONTRA RIVAL MELIA:,,land,​ MT85 Viento Hielo. Te la da una doncella en el primer piso del edificio ubicado en la,,
45,COMBATE N° 2 CONTRA RIVAL MELIA:,,land,​ Mineral Evolutivo: Entre los barriles a la derecha del bastión,,
45,COMBATE N° 2 CONTRA RIVAL MELIA:,,land,"​ Periscopio: En forma de pokéball en la parte superior de la ciudad, casi llegando a la",,
45,COMBATE N° 2 CONTRA RIVAL MELIA:,,land,​ Baya Meloc: En la papelera del edificio ubicado en la parte superior izquierda de la,,
46,COMBATE N° 2 CONTRA RIVAL MELIA:,,land,​ Baya Zanama: Te la da una Mosquetera montada en un Gogoat en la parte superior,,
49,Regente Hisopo,,land,​ 38% Nincada (Dropea Grava Seca y raramente Rocío Matinal),,
49,Regente Hisopo,,land,​ 20% Duckett (Dropea Pluma Suave),,
49,Regente Hisopo,,land,​ 20% Spritzee (Dropea Azúcar Meloso y raramente Frasco Cristalino),,
49,Regente Hisopo,,land,​ 20% Staravia (Dropea Pluma Suave y raramente Baya Rimoya),,
49,Regente Hisopo,,land,​ 2% Kecleon (Dropea Baya Caquic),,
49,Regente Hisopo,,land,​ Blitzle,,
49,Regente Hisopo,,fish,​ 70% Staryu (Dropea Polvo Estelar y raramente Trozo de Estrella),,
49,Regente Hisopo,,fish,​ 30% Feebas (Dropea Escama Corazón),,
51,Actor Sombrío Malvo,,dust,​ 20% Grimer (Dropea Poketoxina y raramente Pepita),,
51,Actor Sombrío Malvo,,dust,​ 20% Joltik (Dropea Polvo Brillante y raramente Rocío Matinal),,
51,Actor Sombrío Malvo,,dust,​ 20% Litwick (Dropea Ectoplasma y raramente Brasa Candente),,
51,Actor Sombrío Malvo,,dust,​ 20% Golett (Dropea Ectoplasma y raramente Refleluz),,
51,Actor Sombrío Malvo,,dust,​ 20% Sinistea (No tiene drop),,
56,Entrenadores Antigua Biblioteca:,ZONA 1,land,​ 20% Murkrow (Dropea Guijarro y raramente Mineral Extraño),,
56,Entrenadores Antigua Biblioteca:,ZONA 1,land,​ 20% Sneasel (Dropea Garra Garfio y raramente Garra Rápida),,
56,Entrenadores Antigua Biblioteca:,ZONA 1,land,​ 20% Teddiursa (Dropea Baya Meloc y raramente Baya Aranja),,
56,Entrenadores Antigua Biblioteca:,ZONA 1,land,​ 20% Greavard (Dropea Ectoplasma y raramente Grava Seca),,
56,Entrenadores Antigua Biblioteca:,ZONA 1,land,​ 18% Deerling (Dropea Pelaje fino y raramente Musgo Aromático),,
56,Entrenadores Antigua Biblioteca:,ZONA 1,land,​ 2% Pachirisu (Dropea Polvo Brillante),,
56,Entrenadores Antigua Biblioteca:,ZONA 2,land,​ 20% Girafarig (Dropea Baya Caquic),,
56,Entrenadores Antigua Biblioteca:,ZONA 2,land,​ 20% Murkrow (Dropea Guijarro y raramente MIneral Extraño),,
56,Entrenadores Antigua Biblioteca:,ZONA 2,land,​ 20% Hattrem (No tiene drop),,
56,Entrenadores Antigua Biblioteca:,ZONA 2,land,​ 20% Rellor (No tiene drop),,
56,Entrenadores Antigua Biblioteca:,ZONA 2,land,​ 18% Deerling (Dropea Pelaje fino y raramente Musgo Aromático),,
56,Entrenadores Antigua Biblioteca:,ZONA 2,land,​ 2% Pachirisu (Dropea Polvo Brillante),,
56,Entrenadores Antigua Biblioteca:,,fish,​ 70% Corphish (Dropea Agua Vital y raramente Extracto Sombrío),,
56,Entrenadores Antigua Biblioteca:,,fish,​ 30% Buizel (Dropea Agua Vital y raramente Baya Gualot),,
58,Entrenadores Ruta 6:,ZONA 1,dust,​ 20% Geodude (Dropea Mineral Extraño y raramente Piedra Eterna),,
58,Entrenadores Ruta 6:,ZONA 1,dust,​ 20% Cubone Z (Dropea Grava Seca y raramente Cola Plúmbea),,
58,Entrenadores Ruta 6:,ZONA 1,dust,​ 20% Mawile (Dropea Virutas Férreas y raramente Baya Caoca),,
58,Entrenadores Ruta 6:,ZONA 1,dust,​ 20% Woobat (Dropea Fluido Onírico),,
58,Entrenadores Ruta 6:,ZONA 1,dust,​ 10% Dwebble (Dropea Piedra Dura y raramente Hueso Raro),,
58,Entrenadores Ruta 6:,ZONA 1,dust,​ 10% Carkol (No tiene drop),,
58,Entrenadores Ruta 6:,ZONA 2,dust,​ 20% Swoobat (No tiene drop),,
58,Entrenadores Ruta 6:,ZONA 2,dust,​ 20% Graveler (Dropea Piedra Eterna),,
58,Entrenadores Ruta 6:,ZONA 2,dust,​ 20% Mawile (Dropea Virutas Férreas y raramente Baya Caoca),,
58,Entrenadores Ruta 6:,ZONA 2,dust,​ 10% Carkol (Dropea Brasa Candente),,
58,Entrenadores Ruta 6:,ZONA 2,dust,​ 10% Crustle (Dropea Piedra Dura y raramente Hueso Raro),,
58,Entrenadores Ruta 6:,ZONA 2,dust,​ 10% Cubone Z (Dropea Grava Seca y raramente Mineral Extraño),,
58,Entrenadores Ruta 6:,ZONA 2,dust,"​ 10% Marowak Z (Dropea Virutas Férreas, raramente Grava Seca y muy raramente",,
58,Entrenadores Ruta 6:,ZONA 1,fish,​ 70% Wooper (Dropea Agua Vital y raramente Grava Seca),,
58,Entrenadores Ruta 6:,ZONA 1,fish,​ 30% Slowpoke (Dropea Fluido Onírico y raramente Cola Plúmbea),,
58,Entrenadores Ruta 6:,ZONA 2,fish,​ 70% Quagsire (Dropea Grava Seca y raramente Agua Vital),,
58,Entrenadores Ruta 6:,ZONA 2,fish,​ 30% Slowpoke (Dropea Fluido Onírico y raramente Cola Plúmbea),,
59,Entrenadores Ruta 6:,,land,​ 20% Aipom (Dropea Frasco Cristalino y raramente Guijarro),,
59,Entrenadores Ruta 6:,,land,​ 20% Nuzleaf (Dropea Musgo Aromático y raramente Extracto Sombrío),,
59,Entrenadores Ruta 6:,,land,​ 20% Stunfisk (Dropea Polvo brillante y raramente Arena Fina),,
59,Entrenadores Ruta 6:,,land,​ 20% Thievul (No tiene drop),,
59,Entrenadores Ruta 6:,,land,​ 10% Machop (Dropea Fibra Elástica),,
60,Entrenadores Ruta 6:,,land,​ 10% Machoke (No tiene drop),,
60,Entrenadores Ruta 6:,ZONA 1,land,​ 20% Paras Z(Dropea Miniseta y raramente Seta Grande),,
60,Entrenadores Ruta 6:,ZONA 1,land,​ 20% Haunter (Dropea Ectoplasma y raramente Pokétoxina),,
60,Entrenadores Ruta 6:,ZONA 1,land,​ 18% Carnivine (Dropea Musgo Aromático y raramente Baya Zidra),,
60,Entrenadores Ruta 6:,ZONA 1,land,​ 10% Quagsire (Dropea Grava Seca y raramente Agua Vital),,
60,Entrenadores Ruta 6:,ZONA 1,land,​ 10% Karrablast (Dropea Rocío Matinal y raramente Guijarro),,
60,Entrenadores Ruta 6:,ZONA 1,land,​ 10% Shelmet (Dropea Rocío Matinal y raramente Baya Aranja),,
60,Entrenadores Ruta 6:,ZONA 1,land,​ 10% Clodsire (Dropea Grava Seca y raramente Poketoxina),,
60,Entrenadores Ruta 6:,ZONA 1,land,​ 2% Goomy (Dropea Poketoxina y raramente Gema Dragón),,
60,Entrenadores Ruta 6:,ZONA 2,land,​ 20% Paras Z (Dropea Miniseta y raramente Seta Grande),,
60,Entrenadores Ruta 6:,ZONA 2,land,​ 20% Haunter (Dropea Ectoplasma y raramente Pokétoxina),,
60,Entrenadores Ruta 6:,ZONA 2,land,​ 18% Foongus (Dropea Miniseta y raramente Seta Grande),,
60,Entrenadores Ruta 6:,ZONA 2,land,​ 10% Quagsire (Dropea Grava Seca y raramente Agua Vital),,
60,Entrenadores Ruta 6:,ZONA 2,land,​ 10% Volbeat (Dropea Polvo Brillante y raramente Gema Eléctrica),,
60,Entrenadores Ruta 6:,ZONA 2,land,​ 10% Illumise (Dropea Polvo Brillante y raramente Gema Eléctrica),,
60,Entrenadores Ruta 6:,ZONA 2,land,​ 10% Clodsire (Dropea Grava Seca y raramente Poketoxina),,
61,Entrenadores Ruta 6:,ZONA 2,land,​ 2% Goomy (Dropea Poketoxina y raramente Gema Dragón),,
61,Entrenadores Ruta 6:,ZONA 3,land,​ 20% Paras Z (Dropea Miniseta y raramente Seta Grande),,
61,Entrenadores Ruta 6:,ZONA 3,land,​ 20% Haunter (Dropea Ectoplasma y raramente Pokétoxina),,
61,Entrenadores Ruta 6:,ZONA 3,land,​ 18% Foongus (Dropea Miniseta y raramente Seta Grande),,
61,Entrenadores Ruta 6:,ZONA 3,land,​ 10% Quagsire (Dropea Grava Seca y raramente Agua Vital),,
61,Entrenadores Ruta 6:,ZONA 3,land,​ 10% Volbeat (Dropea Polvo Brillante y raramente Gema Eléctrica),,
61,Entrenadores Ruta 6:,ZONA 3,land,​ 10% Illumise (Dropea Polvo Brillante y raramente Gema Eléctrica),,
61,Entrenadores Ruta 6:,ZONA 3,land,​ 10% Clodsire (Dropea Grava Seca y raramente Poketoxina),,
61,Entrenadores Ruta 6:,ZONA 3,land,​ 2% Goomy (Dropea Poketoxina y raramente Gema Dragón),,
61,Entrenadores Pantano Profano:,,land,"​ Revivir: Tras pasar al primer cazador, iremos hacia la derecha donde llegaremos a",,
62,Entrenadores Pantano Profano:,,land,"​ Amuleto: Al llegar al enorme charco de agua en la primera pantalla, ir hacia la parte",,
62,Entrenadores Pantano Profano:,,land,"​ Piedra Lunar: Al llegar al enorme charco de agua, ir hacia la derecha, pasar la hierba",,
62,Entrenadores Pantano Profano:,,land,​ Página de Alquimia Pokémon: Al llegar al enorme charco de agua en la primera,,
62,Entrenadores Pantano Profano:,,land,​ Ocaso Ball: En la parte 1 arriba del todo usando surf,,
62,Entrenadores Pantano Profano:,,land,"​ Baya Meloc: Entrando a la segunda parte del pantano, ir hacia la izquierda, luego",,
62,Entrenadores Pantano Profano:,,land,​ Mini Seta: En la segunda parte del pantano en la parte de abajo al pasar el charco,,
62,Entrenadores Pantano Profano:,,land,​ Chapa Ímpetu: Detrás de la roca que debemos romper con Polvo Explosivo en la,,
62,Entrenadores Pantano Profano:,,land,"​ Seta Grande: En la segunda pantalla del pantano, desde el cazador es ir hacia arriba",,
62,Entrenadores Pantano Profano:,,land,"​ Piedra Hoja: En la segunda pantalla del pantano, justo debajo del cazador, tras pasar",,
62,Entrenadores Pantano Profano:,,land,"​ Virutas Férreas: En la segunda pantalla del pantano, justo debajo del cazador",,
62,Entrenadores Pantano Profano:,,land,​ Lodo Negro: Te lo da una bruja en la tercera parte del pantano si le das 2,,
62,Entrenadores Pantano Profano:,,land,​ Hiperpoción: Abajo de donde acampas con Crisanto y Melia,,
62,Entrenadores Pantano Profano:,,land,"​ Cura Total: Arriba de donde acampas con Crisanto y Melia, necesitas la Montura",,
62,Entrenadores Pantano Profano:,,land,​ Piedra Fuego: A la derecha de la Madriguera Oscura usando la Montura Gogoat,,
62,Entrenadores Pantano Profano:,,land,​ Pokétoxina: A la derecha de la entrada a la Madriguera Oscura,,
62,Entrenadores Pantano Profano:,,land,​ Ultra Ball: A la izquierda de la entrada a la Madriguera Oscura,,
63,Entrenadores Pantano Profano:,,land,"​ Venomoth, nivel 27. Cargatóxica, Viento Plata, Luz Decadente (Hada) y",,
63,Entrenadores Pantano Profano:,,land,"​ Mr Mime, nivel 27. Psicorrayo, Beso Drenaje, Luz Decadente (Hada) y Reflejo",,
66,Entrenadores Pantano Profano:,,land,​ 20% Venonat (Dropea Pokétoxina y raramente Rocío Matinal),,
66,Entrenadores Pantano Profano:,,land,​ 20% Swinub (Dropea Grava Seca y raramente Esquirlas Frías),,
66,Entrenadores Pantano Profano:,,land,​ 20% Gligar (Dropea Grava Seca y raramente Colmillo Agudo),,
66,Entrenadores Pantano Profano:,,land,​ 20% Applin (Dropea Musgo Aromático y raramente Escama Dura),,
66,Entrenadores Pantano Profano:,,land,​ 20% Charcadet (Dropea Brasa Candente),,
66,Entrenadores Pantano Profano:,,land,"​ Éter: En la papelera de la casa de la brujita, al norte de la ruta",,
66,Entrenadores Pantano Profano:,,land,"​ Arbustos de Bayas (Dillo, Alcho y Meloc (X2)): En la zona central de la ruta, debajo",,
66,Entrenadores Pantano Profano:,,land,"​ Piedra Fuego: En el suelo, en la zona central, es la pokéball más a la izquierda de la",,
66,Entrenadores Pantano Profano:,,land,"​ MT47 Poder Oculto. En la esquina inferior izquierda de la ruta, tras un gran charco",,
67,Entrenadores Pantano Profano:,,dust,​ 25% Tynamo (Dropea Polvo Brillante),,
67,Entrenadores Pantano Profano:,,dust,​ 25% Tadbulb (Dropea Polvo Brillante),,
67,Entrenadores Pantano Profano:,,dust,​ 20% Zubat (Dropea Pokétoxina),,
67,Entrenadores Pantano Profano:,,dust,​ 20% Magnemite (Dropea Polvo Brillante y raramente Revestimiento Metálico),,
67,Entrenadores Pantano Profano:,,dust,​ 10% Nosepass (Dropea Mineral Extraño y raramente Piedra Dura),,
67,Entrenadores Pantano Profano:,,fish,​ 70% Chinchou (Dropea Polvo Brillante y raramente Escama Marina),,
67,Entrenadores Pantano Profano:,,fish,​ 30% Clauncher (No tiene drop),,
68,Entrenadores Cueva Refulgente:,,land,​ 20% Vulpix (Dropea Baya Safre),,
68,Entrenadores Cueva Refulgente:,,land,​ 20% Shroomish (Dropea Baya Kebia),,
68,Entrenadores Cueva Refulgente:,,land,​ 20% Sandshrew (No tiene drop),,
68,Entrenadores Cueva Refulgente:,,land,​ 10% Nidoran Hembra (Dropea Poketoxina y raramente Baya Meloc),,
68,Entrenadores Cueva Refulgente:,,land,​ 10% Nidoran Macho (Dropea Poketoxina y raramente Baya Meloc),,
68,Entrenadores Cueva Refulgente:,,land,​ 10% Throh (Dropea Cinturón Negro),,
68,Entrenadores Cueva Refulgente:,,land,​ 10% Sawk (Dropea Cinturón Negro),,
68,Entrenadores Cueva Refulgente:,,fish,​ 70% Chinchou (Dropea Polvo Brillante y raramente Escama Marina),,
68,Entrenadores Cueva Refulgente:,,fish,​ 30% Clauncher (No tiene drop),,
69,Entrenadores Cueva Refulgente:,,land,"​ Página de Alquimia Pokémon: En la parte inferior izquierda de la ruta, tras bajar dos",,
69,Entrenadores Cueva Refulgente:,,land,"​ Trozo Estrella: Como objeto oculto en una roca en la zona alta del sur, en la roca",,
69,Entrenadores Cueva Refulgente:,,land,"​ Brasa Candente: Como objeto oculto en una roca en la zona alta del sur, en la roca",,
69,Entrenadores Cueva Refulgente:,,dust,​ 20% Zubat (Dropea Pokétoxina),,
69,Entrenadores Cueva Refulgente:,,dust,​ 20% Klink (Dropea Virutas Férreas),,
69,Entrenadores Cueva Refulgente:,,dust,​ 20% Tadbulb (Dropea Polvo Brillante),,
69,Entrenadores Cueva Refulgente:,,dust,​ 15% Plusle (Dropea Polvo Brillante),,
69,Entrenadores Cueva Refulgente:,,dust,​ 15% Minun (Dropea Polvo Brillante),,
69,Entrenadores Cueva Refulgente:,,dust,​ 10% Nosepass (Dropea Mineral Extraño y raramente Piedra Dura),,
69,Entrenadores Cueva Refulgente:,,fish,​ 70% Chinchou (Dropea Polvo Brillante y raramente Escama Marina),,
69,Entrenadores Cueva Refulgente:,,fish,​ 30% Clauncher (No tiene drop),,
70,Entrenadores Cueva Refulgente Parte 2:,,land,​ 20% Meowth (Dropea Garra Rápida),,
70,Entrenadores Cueva Refulgente Parte 2:,,land,​ 20% Hoppip (No tiene drop),,
70,Entrenadores Cueva Refulgente Parte 2:,,land,​ 20% Elekid (Dropea Polvo Brillante),,
70,Entrenadores Cueva Refulgente Parte 2:,,land,​ 20% Yamper (No tiene drop),,
70,Entrenadores Cueva Refulgente Parte 2:,,land,​ 20% Wattrel (No tiene drop),,
72,Entrenadores Cueva Refulgente Parte 2:,,land,​ 20% Phanpy (Dropea Grava Seca y raramente Baya Pasio),,
72,Entrenadores Cueva Refulgente Parte 2:,,land,​ 20% Shuppet (Dropea Hechizo),,
72,Entrenadores Cueva Refulgente Parte 2:,,land,​ 20% Wattrel (No tiene drop),,
72,Entrenadores Cueva Refulgente Parte 2:,,land,​ 20% Maschiff (Dropea Pelaje Fino y raramente Extracto Sombrío),,
72,Entrenadores Cueva Refulgente Parte 2:,,land,​ 14% Elekid (Dropea Polvo Brillante),,
72,Entrenadores Cueva Refulgente Parte 2:,,land,​ 6% Electabuzz (Dropea Polvo Brillante),,
72,Entrenadores Cueva Refulgente Parte 2:,,fish,​ 70% Barboach (Dropea Agua Vital y raramente Grava Seca),,
72,Entrenadores Cueva Refulgente Parte 2:,,fish,​ 30% Dewpider (Dropea Rocío Matinal y raramente Agua Mística),,
73,Entrenadores Colina de Tormenta:,,dust,​ 40% Porygon Regional (Dropea Polvo Brillante),,
73,Entrenadores Colina de Tormenta:,,dust,​ 20% Koffing (Dropea Bola Humo),,
73,Entrenadores Colina de Tormenta:,,dust,​ 20% Magby (Dropea Brasa Candente),,
73,Entrenadores Colina de Tormenta:,,dust,​ 10% Togedemaru (Dropea Baya Zidra),,
73,Entrenadores Colina de Tormenta:,,dust,​ 10% Magmar (Dropea Brasa Candente),,
82,Regente F3,ZONA 1,land,​ 20% Scyther (Dropea Madera y raramente Rocío Matinal),,
82,Regente F3,ZONA 1,land,​ 20% Roselia (Dropea Flecha Venenosa),,
82,Regente F3,ZONA 1,land,​ 20% Munna (Dropea Fluido Onírico y raramente Piedra Lunar),,
82,Regente F3,ZONA 1,land,​ 18% Furfrou (Dropea Pelaje Fino y raramente Perla),,
82,Regente F3,ZONA 1,land,​ 10% Ralts (Dropea Fluido Onírico y raramente Azúcar Meloso),,
82,Regente F3,ZONA 1,land,​ 10% Kirlia (No tiene drop),,
82,Regente F3,ZONA 1,land,​ 2% Gimmighoul (No tiene drop),,
82,Regente F3,,fish,​ 70% Shellder (Dropea Perla y Perla Grande),,
82,Regente F3,,fish,​ 30% Bruxish (Dropea Colmillo Agudo),,
84,Entrenadores Ruta 8:,,land,​ 20% Pinsir (Dropea Madera y raramente Rocío Matinal),,
84,Entrenadores Ruta 8:,,land,​ 20% Wormadam (Dropea Polvo Plata),,
84,Entrenadores Ruta 8:,,land,​ 20% Roselia (Dropea Flecha Venenosa),,
84,Entrenadores Ruta 8:,,land,​ 20% Lopunny (Dropea Baya Pomaro),,
84,Entrenadores Ruta 8:,,land,​ 18% Taillow (Dropea Pluma Suave y raramente Baya Alcho),,
84,Entrenadores Ruta 8:,,land,​ 10% Ralts (Dropea Fluido Onírico y raramente Azúcar Meloso),,
84,Entrenadores Ruta 8:,,land,​ 10% Kirlia (No tiene drop),,
84,Entrenadores Ruta 8:,,land,​ 2% Gimmighoul (No tiene drop),,
84,Entrenadores Ruta 8:,,fish,​ 70% Staryu (Dropea Polvo Estelar y raramente Trozo de Estrella),,
84,Entrenadores Ruta 8:,,fish,​ 30% Bruxish (Dropea Colmillo Agudo),,
84,Entrenadores Ruta 8:,,land,"​ Amuleto Puro: En la zona inicial de la ruta, tras cruzar la hierba alta y adentrarnos en",,
84,Entrenadores Ruta 8:,,land,"​ Mini Seta: Cercana al lago, tras recorrer el laberinto de setos, antes de llegar al",,
84,Entrenadores Ruta 8:,,land,"​ Piedra Agua: Rodeando el gran lago de la zona del Centro Pokémon, deberemos",,
84,Entrenadores Ruta 8:,,land,​ Roca Lluvia: Está en mitad del enorme lago en el mapa del Centro Pokémon,,
84,Entrenadores Ruta 8:,,land,"​ Cápsula Velocidad: En el laberinto de setos, pero necesitamos acceder por la parte",,
84,Entrenadores Ruta 8:,,land,"​ MT77 Brillo Mágico: Al lado del centro Pokemon, hay que entrar por la parte 3 de la",,
87,COMBATE N° 3 CONTRA RIVAL CRISANTO:,,land,​ 20% Pinsir (Dropea Madera y raramente Rocío Matinal),,
87,COMBATE N° 3 CONTRA RIVAL CRISANTO:,,land,​ 20% Dolliv (No tiene drop),,
87,COMBATE N° 3 CONTRA RIVAL CRISANTO:,,land,​ 20% Roselia (Dropea Flecha Venenosa),,
87,COMBATE N° 3 CONTRA RIVAL CRISANTO:,,land,​ 20% Lopunny (Dropea Baya Pomaro),,
87,COMBATE N° 3 CONTRA RIVAL CRISANTO:,,land,​ 18% Taillow (Dropea Pluma Suave y raramente Baya Alcho),,
87,COMBATE N° 3 CONTRA RIVAL CRISANTO:,,land,​ 10% Milcery (No tiene drop),,
87,COMBATE N° 3 CONTRA RIVAL CRISANTO:,,land,​ 10% Alcremie (No tiene drop),,
87,COMBATE N° 3 CONTRA RIVAL CRISANTO:,,land,​ 2% Gimmighoul (No tiene drop),,
87,COMBATE N° 3 CONTRA RIVAL CRISANTO:,,fish,​ 70% Staryu (Dropea Polvo Estelar y raramente Trozo de Estrella),,
87,COMBATE N° 3 CONTRA RIVAL CRISANTO:,,fish,​ 30% Bruxish (Dropea Colmillo Agudo),,
87,Entrenadores Ruta 8 Parte 3:,,land,"​ Piedra Solar: En la zona izquierda de la ruta, en medio de la hierba alta, justo al lado",,
87,Entrenadores Ruta 8 Parte 3:,,land,"​ Página de Alquimia Pokémon: En la zona izquierda de la ruta, detrás de la burguesa,",,
87,Entrenadores Ruta 8 Parte 3:,,land,"​ Polvo de Hueso: En la zona central izquierda de la ruta, en forma de pokéball, se",,
98,Entrenadores Chateau Lanto,,dust,​ 28% Noibat (Dropea Baya Aranja y raramente Baya Zidra),,
98,Entrenadores Chateau Lanto,,dust,​ 25% Ariados (Dropea Antídoto y raramente Flecha Venenosa),,
98,Entrenadores Chateau Lanto,,dust,​ 25% Glimmet (Dropea Mineral Extraño y raramente Poketoxina),,
98,Entrenadores Chateau Lanto,,dust,​ 20% Misdreavus (Dropea Ectoplasma y raramente Polvo de Hueso),,
98,Entrenadores Chateau Lanto,,dust,​ 2% Glimmora (No tiene drop),,
100,Entrenadores Chateau Lanto,,land,​ 20% Absol (Dropea Extracto Sombrío),,
100,Entrenadores Chateau Lanto,,land,​ 20% Bronzor (Dropea Revestimiento Metálico),,
100,Entrenadores Chateau Lanto,,land,​ 20% Miltank (Dropea Leche Pokémon),,
100,Entrenadores Chateau Lanto,,land,​ 14% Whirlipede (Dropea Baya Meloc y raramente Flecha Venenosa),,
100,Entrenadores Chateau Lanto,,land,​ 10% Espurr (Dropea Fluido Onírico y raramente Baya Aranja),,
100,Entrenadores Chateau Lanto,,land,​ 10% Meowstic (No tiene drop),,
100,Entrenadores Chateau Lanto,,land,​ 6% Scolipede (Dropea Baya Meloc y raramente Flecha Venenosa),,
100,Entrenadores Chateau Lanto,,land,"​ MT21 Rayo Señal: Zona inferior izquierda, entre la hierba alta",,
110,Crítico de cocina Eneldo,,land,​ 20% Lechonk (Dropea Trufa),,
110,Crítico de cocina Eneldo,,land,​ 20% Oinkologne (Dropea Trufa),,
110,Crítico de cocina Eneldo,,land,​ 10% Rockruff (Dropea Baya Aranja),,
110,Crítico de cocina Eneldo,,land,​ 10% Fidough (Dropea Azúcar Meloso),,
110,Crítico de cocina Eneldo,,land,​ 10% Mudbray (Dropea Refleluz),,
110,Crítico de cocina Eneldo,,land,​ 10% Wooloo (Dropea Pelaje Fino),,
110,Crítico de cocina Eneldo,,land,​ 10% Dubwool (Dropea Pelaje Fino),,
110,Crítico de cocina Eneldo,,land,​ 8% Mudsdale (Dropea Refleluz),,
110,Crítico de cocina Eneldo,,land,​ 2% Drampa (Dropea Baya Caquic),,
110,Crítico de cocina Eneldo,,fish,​ 70% Skrelp (No tiene drop),,
110,Crítico de cocina Eneldo,,fish,​ 30% Staryu (Dropea Polvo Estelar y raramente Trozo de Estrella),,
111,Entrenadores Ruta 9:,,land,"​ Trufa: En el centro de la ruta, deberemos entrar en la hierba alta y rodear las vallas",,
111,Entrenadores Ruta 9:,,land,"​ Mineral Extraño: En la esquina inferior derecha de la ruta, escondido dentro de una",,
111,Entrenadores Ruta 9:,,land,"​ Arbusto de bayas (Aranja, Zidra, Kouba y Anjiro): En la zona inferior derecha de la",,
111,Entrenadores Ruta 9:,,land,"​ Guante de Boxeo: En la zona inferior derecha de la ruta, deberemos acceder por la",,
111,Entrenadores Ruta 9:,,land,"​ Piedra Trueno: Al sur de la granja, a la derecha de varios jornaleros",,
111,Entrenadores Ruta 9:,,land,"​ Página de Alquimia Pokémon: En la zona de la izquierda, deberemos acceder por la",,
111,Entrenadores Ruta 9:,,land,​ Polvo Brillante: En la papelera de la casa al principio de la ruta,,
111,Entrenadores Ruta 9:,,land,"​ Incienso Suave: En la zona superior derecha del lago de la Granja, necesitamos la",,
114,COMBATE N° 3 CONTRA RIVAL MELIA:,,land,​ 20% Exeggcute (Dropea Baya Aranja y raramente Piedra Hoja),,
114,COMBATE N° 3 CONTRA RIVAL MELIA:,,land,​ 20% Yanma (Dropea Lupa),,
114,COMBATE N° 3 CONTRA RIVAL MELIA:,,land,​ 20% Electrike (Dropea Polvo Brillante),,
114,COMBATE N° 3 CONTRA RIVAL MELIA:,,land,​ 20% Stunky (Dropea Baya Meloc),,
114,COMBATE N° 3 CONTRA RIVAL MELIA:,,land,​ 18% Dedenne (No tiene drop),,
114,COMBATE N° 3 CONTRA RIVAL MELIA:,,land,​ 2% Drampa (Dropea Baya Caquic),,
114,COMBATE N° 3 CONTRA RIVAL MELIA:,,fish,​ 70% Staryu (Dropea Polvo Estelar y raramente Trozo de Estrella),,
114,COMBATE N° 3 CONTRA RIVAL MELIA:,,fish,​ 30% Skrelp (No tiene drop),,
115,COMBATE N° 3 CONTRA RIVAL MELIA:,,land,​ 20% Rhyhorn (Dropea Grava Seca y raramente Mineral Extraño),,
115,COMBATE N° 3 CONTRA RIVAL MELIA:,,land,​ 20% Yamask Regional (Dropea Hechizo),,
115,COMBATE N° 3 CONTRA RIVAL MELIA:,,land,​ 20% Hawlucha (No tiene drop),,
115,COMBATE N° 3 CONTRA RIVAL MELIA:,,land,​ 18% Gligar (Dropea Colmillo Agudo),,
115,COMBATE N° 3 CONTRA RIVAL MELIA:,,land,​ 10% Numel (Dropea Baya Safre),,
115,COMBATE N° 3 CONTRA RIVAL MELIA:,,land,​ 10% Camerupt (Dropea Baya Safre),,
115,COMBATE N° 3 CONTRA RIVAL MELIA:,,land,​ 2% Klawf (Dropea Mineral Extraño y raramente Piedra Dura),,
115,Entrenadores Ruta 10:,,land,"​ Polvo Brillante y Guijarro: A la izquierda de la ladrona en la zona central, veremos",,
115,Entrenadores Ruta 10:,,land,"​ MT105 Respiro. A la derecha de la ladrona en la zona central, deberemos luchar",,
115,Entrenadores Ruta 10:,,land,​ Chapa Robusta: En la zona central de la ruta habrá que usar Polvo Explosivo para,,
116,Entrenadores Ruta 10:,,land,​ Página de Alquimia Pokémon: En la zona central de la ruta habrá que usar Polvo,,
116,Entrenadores Ruta 10:,,land,"​ Ocaso Ball: En la zona central de la ruta, en la parte superior, estará dentro de una",,
116,Entrenadores Ruta 10:,,land,"​ Brasa Candente y Guijarro: A la izquierda de la ruta, antes de llegar al dúo",,
116,Entrenadores Ruta 10:,,land,​ Guijarro: Escondido en la roca solitaria de la izquierda tras pasar al dúo mosquetero,,
116,Entrenadores Ruta 10:,,land,​ Fibra Elástica: Escondido en la papelera de la transición del cambio de zona,,
116,Entrenadores Ruta 10:,,land,​ 20% Orthworm (Dropea Virutas Férreas),,
116,Entrenadores Ruta 10:,,land,​ 20% Naclstack (No tiene drop),,
116,Entrenadores Ruta 10:,,land,​ 20% Rhydon (Dropea Grava Seca y raramente MIneral Extraño),,
116,Entrenadores Ruta 10:,,land,​ 18% Pidgeot (No tiene drop),,
116,Entrenadores Ruta 10:,,land,​ 10% Cufant (Dropa Virutas Férreas),,
116,Entrenadores Ruta 10:,,land,​ 10% Copperajah (Dropea Virutas Férreas),,
116,Entrenadores Ruta 10:,,land,​ 2% Hakamo-o (Dropea Escama Dura y raramente Garra Afilada),,
117,Entrenadores Ruta 10:,,fish,​ 70% Carvanha (Dropea Agua Vital),,
117,Entrenadores Ruta 10:,,fish,​ 30% Clobbopus (No tiene drop),,
120,Entrenadores Ruta 10:,,land,"​ Cola Plúmbea: Deberemos ir al sur y después a la derecha, rodeada de árboles",,
120,Entrenadores Ruta 10:,,land,"​ Pepita: Deberemos ir al sur y después a la derecha, sobre suelo marrón estará",,
120,Entrenadores Ruta 10:,,land,​ 20% Comfey (Dropea Baya Zidra),,
120,Entrenadores Ruta 10:,,land,​ 20% Oranguru (Dropea Baya Aranja),,
120,Entrenadores Ruta 10:,,land,​ 20% Passimian (Dropea Baya Zidra),,
120,Entrenadores Ruta 10:,,land,​ 20% Flamigo (Dropea Fibra Elástica),,
120,Entrenadores Ruta 10:,,land,​ 18% Falinks (Dropea Frasco Cristalino y raramente Fibra Elástica),,
120,Entrenadores Ruta 10:,,land,​ 2% Larvesta (Dropea Brasa Candente y raramente Rocío Matinal),,
120,Entrenadores Ruta 10:,,fish,​ 70% Clamperl (Dropea Perla Grande),,
120,Entrenadores Ruta 10:,,fish,​ 30% Remoraid (No tiene drop),,
128,Entrenadores Fort Leviatán:,,land,​ 20% Tropius (Dropea Musgo Aromático),,
128,Entrenadores Fort Leviatán:,,land,​ 20% Sandygast (Dropea Ectoplasma y raramente Hechizo),,
128,Entrenadores Fort Leviatán:,,land,​ 20% Pyukumuku (Dropea Agua Vital),,
128,Entrenadores Fort Leviatán:,,land,​ 10% Shellos (Dropea Agua Vital y raramente Grava Seca),,
128,Entrenadores Fort Leviatán:,,land,​ 10% Gastrodon (Dropea Agua Vital y raramente Grava Seca),,
128,Entrenadores Fort Leviatán:,,land,​ 10% Wattrel (Dropea Polvo Brillante y raramente Pluma Suave),,
128,Entrenadores Fort Leviatán:,,land,​ 10% Kilowattrel (Dropea Polvo Brillante y raramente Pluma Suave),,
128,Entrenadores Fort Leviatán:,,fish,​ 70% Wailmer Z (No tiene drop),,
128,Entrenadores Fort Leviatán:,,fish,​ 30% Mantine (No tiene drop),,
131,Espadachín Espino,,land,​ 20% Tropius (Dropea Musgo Aromático),,
131,Espadachín Espino,,land,​ 20% Crabrawler (Dropea Baya Perasi),,
131,Espadachín Espino,,land,​ 20% Pincurchin (Dropea Agua Vital y raramente Polvo Brillante),,
131,Espadachín Espino,,land,​ 10% Binacle (No tiene drop),,
131,Espadachín Espino,,land,​ 10% Barbaracle (No tien drop),,
131,Espadachín Espino,,land,​ 10% Wattrel (Dropea Polvo Brillante y raramente Pluma Suave),,
131,Espadachín Espino,,land,​ 10% Kilowattrel (Dropea Polvo Brillante y raramente Pluma Suave),,
131,Espadachín Espino,,fish,​ 70% Horsea (Dropea Escamadragón),,
131,Espadachín Espino,,fish,​ 30% Tentacool (Dropea Agua Vital y raramente Flecha Venenosa),,
133,Entrenadores en la Ruta 11 Parte 2:,,land,​ 20% Wingull (Dropea Pluma Suave),,
133,Entrenadores en la Ruta 11 Parte 2:,,land,​ 20% Zangoose (Dropea Pelaje Fino y raramente Garra Rápida),,
133,Entrenadores en la Ruta 11 Parte 2:,,land,​ 20% Seviper (Dropea Pokétoxina y raramente Baya Meloc),,
133,Entrenadores en la Ruta 11 Parte 2:,,land,​ 20% Luxio (No tiene drop),,
133,Entrenadores en la Ruta 11 Parte 2:,,land,​ 18% Kilowattrel (Dropea Polvo Brillante y raramente Pluma Suave),,
133,Entrenadores en la Ruta 11 Parte 2:,,land,​ 2% Bagon (Dropea Escama Dura y raramente Colmillo Dragón),,
133,Entrenadores en la Ruta 11 Parte 2:,,fish,​ 70% Wailmer Z (No tiene drop),,
133,Entrenadores en la Ruta 11 Parte 2:,,fish,​ 30% Wimpod (Dropea Agua Vital y raramente Rocío Matinal),,
143,Regente Loto,,dust,​ 20% Sableye (Dropea Ectoplasma y raramente Extracto Sombrío),,
143,Regente Loto,,dust,​ 20% Boldore (Dropea Piedra Eterna y raramente Piedra Dura),,
143,Regente Loto,,dust,​ 20% Carbink (Dropea Mineral Extraño y raramente Azúcar Meloso),,
143,Regente Loto,,dust,​ 18% Woobat (Dropea Fluido Onírico),,
143,Regente Loto,,dust,​ 10% Chimecho (Dropea Fluido Onírico y raramente Baya Dillo),,
143,Regente Loto,,dust,​ 10% Chingling (Dropea Baya Dillo),,
143,Regente Loto,,dust,​ 2% Wobbuffet (No tiene drop),,
144,Regente Loto,,fish,​ 70% Octillery (No tiene drop),,
144,Regente Loto,,fish,​ 30% Azumarill (No tiene drop),,
144,Entrenadores en la Gruta Tierraunida:,,land,​ 20% Arbok (Dropea Pokétoxina y raramente Extracto Sombrío),,
144,Entrenadores en la Gruta Tierraunida:,,land,​ 20% Hariyama (Dropea Roca del Rey),,
144,Entrenadores en la Gruta Tierraunida:,,land,​ 20% Corvisquire (Dropea Pluma Suave y raramente Virutas Férreas),,
144,Entrenadores en la Gruta Tierraunida:,,land,​ 18% Perrserker (Dropea Virutas Férreas),,
145,Entrenadores en la Gruta Tierraunida:,,land,​ 10% Ponyta (Dropea Baya Acardo),,
145,Entrenadores en la Gruta Tierraunida:,,land,​ 10% Rapidash (Dropea Baya Acardo),,
145,Entrenadores en la Gruta Tierraunida:,,land,​ 2% Morpeko (Dropea Polvo Brillante y raramente Extracto Sombrío),,
145,Entrenadores en la Gruta Tierraunida:,,fish,​ 70% Whiscash (Dropea Agua Vital y raramente Grava Seca),,
145,Entrenadores en la Gruta Tierraunida:,,fish,​ 30% Octillery (No tiene drop),,
149,COMBATE N° 4 CONTRA RIVAL CRISANTO:,,land,​ 20% Murkrow (Dropea Guijarro y raramente Mineral Extraño),,
149,COMBATE N° 4 CONTRA RIVAL CRISANTO:,,land,​ 20% Garbodor (Dropea Lodo Negro y raramente Pepita),,
149,COMBATE N° 4 CONTRA RIVAL CRISANTO:,,land,​ 20% Lampent (Dropea Ectoplasma y raramente Brasa Candente),,
149,COMBATE N° 4 CONTRA RIVAL CRISANTO:,,land,​ 20% Morgrem (Dropea Extracto Sombrío y raramente Azúcar Meloso),,
149,COMBATE N° 4 CONTRA RIVAL CRISANTO:,,land,​ 10% Solosis Z (Dropea Fluido Onírico y raramente Pokétoxina),,
149,COMBATE N° 4 CONTRA RIVAL CRISANTO:,,land,​ 10% Duosion Z (Dropea Fluido Onírico y raramente Pokétoxina),,
149,COMBATE N° 4 CONTRA RIVAL CRISANTO:,,dust,​ 20% Parasect Z (Dropea Miniseta y raramente Seta Grande),,
149,COMBATE N° 4 CONTRA RIVAL CRISANTO:,,dust,​ 20% Linoone Galar (Dropea Baya Aranja y raramente Baya Zidra),,
149,COMBATE N° 4 CONTRA RIVAL CRISANTO:,,dust,​ 20% Stunky (Dropea Pokétoxina y raramente Baya Meloc),,
149,COMBATE N° 4 CONTRA RIVAL CRISANTO:,,dust,​ 20% Garbodor (Dropea Lodo Negro y raramente Pepita),,
149,COMBATE N° 4 CONTRA RIVAL CRISANTO:,,dust,​ 10% Solosis Z (Dropea Fluido Onírico y raramente Pokétoxina),,
149,COMBATE N° 4 CONTRA RIVAL CRISANTO:,,dust,​ 10% Duosion Z (Dropea Fluido Onírico y raramente Pokétoxina),,
149,COMBATE N° 4 CONTRA RIVAL CRISANTO:,,fish,​ 70% Skrelp (No tiene drop),,
149,COMBATE N° 4 CONTRA RIVAL CRISANTO:,,fish,​ 30% Masquerain (Dropea Polvo Plata),,
150,Entrenadores en Viejo Vánitas:,,land,"​ Restaura Todo: Justo debajo del pozo del mapa izquierdo, deberemos cruzar hierba",,
150,Entrenadores en Viejo Vánitas:,,land,"​ Lodo Negro: Objeto oculto en una roca del mapa izquierdo, deberemos surfear en el",,
150,Entrenadores en Viejo Vánitas:,,land,"​ Página de Alquimia Pokémon: En el mapa izquierdo, en la zona central, estará en el",,
150,Entrenadores en Viejo Vánitas:,,land,"​ Mini Seta: En la casa de la pantalla izquierda, estará encima del mueble",,
151,Entrenadores en Viejo Vánitas:,,land,​ Restaurar Todo: En la papelera de la casa de la pantalla izquierda,,
151,Entrenadores en Viejo Vánitas:,,land,"​ Hiperpoción: A la izquierda del pozo de la pantalla de la derecha, es una poké ball",,
151,Entrenadores en Viejo Vánitas:,,land,"​ Capa Furtiva: En la pantalla de la derecha, en la zona central, tras pasar un arco y",,
151,Entrenadores en Viejo Vánitas:,,land,"​ Piedra Noche: En la pantalla de la derecha, en la zona central a la derecha, junto a",,
151,Entrenadores en Viejo Vánitas:,,land,​ Restaurar Todo: Nos la da Belladona,,
151,Entrenadores en Viejo Vánitas:,,land,"​ Restaurar Todo: En la pantalla de la derecha, justo a la derecha de donde",,
151,Entrenadores en Viejo Vánitas:,,land,"​ MT87 Pulso Umbrío: En la pantalla de la derecha, justo debajo de donde",,
151,Entrenadores en Viejo Vánitas:,,land,"​ Hiperpoción: En las alcantarillas, en la zona abajo izquierda, habrá que cruzar la",,
151,Entrenadores en Viejo Vánitas:,,land,"​ Pokétoxina y Extracto Sombrío: En las alcantarillas, en la zona abajo izquierda,",,
151,Entrenadores en Viejo Vánitas:,,land,"​ Polvo de Hueso: En las alcantarillas, en la esquina inferior derecha del todo",,
151,Entrenadores en Viejo Vánitas:,,land,"​ MT84 Puya Nociva: En las alcantarillas, justo a la izquierda de donde conocimos a",,
161,"combate que tengamos con él, por lo que ya podremos saber qué tipo de Pokémon usará en",,dust,​ 20% Gengar (No tiene drop),,
161,"combate que tengamos con él, por lo que ya podremos saber qué tipo de Pokémon usará en",,dust,​ 20% Crobat (No tiene drop),,
161,"combate que tengamos con él, por lo que ya podremos saber qué tipo de Pokémon usará en",,dust,​ 20% Drapion (Dropea Flecha Venenosa),,
161,"combate que tengamos con él, por lo que ya podremos saber qué tipo de Pokémon usará en",,dust,​ 20% Scolipede (Dropea Baya Meloc y raramente Flecha Venenosa),,
161,"combate que tengamos con él, por lo que ya podremos saber qué tipo de Pokémon usará en",,dust,​ 20% Salazzle (No tiene drop),,
164,Regente Belladona,,land,​ 20% Kadabra (Dropea Fluido Onírico y raramente Cuchara Torcida),,
164,Regente Belladona,,land,​ 20% Farfetch’d Galar (Dropea Pluma Suave y raramente Palo),,
164,Regente Belladona,,land,​ 20% Swalot (Dropea Pokétoxina y raramente Perla Grande),,
164,Regente Belladona,,land,​ 20% Hawlucha (No tiene drop),,
164,Regente Belladona,,land,​ 18% Pyroar (No tiene drop),,
164,Regente Belladona,,land,​ 1% Plusle (Dropea Polvo Brillante),,
164,Regente Belladona,,land,​ 1% Minun (Dropea Polvo Brillante),,
164,Regente Belladona,,land,​ 20% Kadabra (Dropea Fluido Onírico y raramente Cuchara Torcida),,
164,Regente Belladona,,land,​ 20% Farfetch’d Galar (Dropea Pluma Suave y raramente Palo),,
164,Regente Belladona,,land,​ 20% Kangaskhan (Dropea Pokétoxina y raramente Perla Grande),,
164,Regente Belladona,,land,​ 20% Hawlucha (No tiene drop),,
164,Regente Belladona,,land,​ 10% Pyroar (No tiene drop),,
164,Regente Belladona,,land,​ 5% Plusle (Dropea Polvo Brillante),,
164,Regente Belladona,,land,​ 5% Minun (Dropea Polvo Brillante),,
165,Entrenadores en la Ruta 13:,,land,​ Pico Afilado: Yendo hacia la derecha encontraremos un árbol que se puede cortar,,
165,Entrenadores en la Ruta 13:,,land,​ Chapa Ímpetu: Yendo un poco hacia arriba y luego hacia la derecha encontraremos,,
165,Entrenadores en la Ruta 13:,,land,​ Piedra Hoja: Deberemos ir a la parte más alta de la parte izquierda y luego bajar,,
165,Entrenadores en la Ruta 13:,,land,"​ Éter Máximo: En la esquina superior izquierda del mapa izquierdo, al lado de la",,
165,Entrenadores en la Ruta 13:,,land,"​ Hiperpoción: Deberemos seguir las pasarelas de la parte izquierda del mapa, dando",,
165,Entrenadores en la Ruta 13:,,land,"​ Amuleto Psíquico: En la parte inferior derecha de la pantalla izquierda, justo debajo",,
165,Entrenadores en la Ruta 13:,,land,​ Toxisfera: Deberemos romper la roca que está al lado del mosquetero en la primera,,
165,Entrenadores en la Ruta 13:,,land,​ Arbusto de Bayas (Meloc y Payapa): Deberemos romper la roca que está al lado del,,
165,Entrenadores en la Ruta 13:,,land,"​ Palo: En la zona norte de la segunda pantalla, habrá que bajar varias escaleras",,
165,Entrenadores en la Ruta 13:,,land,"​ Chapa Vigor: En la zona norte de la segunda pantalla, estará como objeto oculto en",,
165,Entrenadores en la Ruta 13:,,land,"​ Página de Alquimia Pokémon: En la segunda pantalla, nada más entrar nos",,
165,Entrenadores en la Ruta 13:,,land,"​ Chapa radiante: Tras el combate doble, seguir por el camino de flores sin coger las",,
165,Entrenadores en la Ruta 13:,,land,"​ Flor Repelente Grande: En la segunda pantalla, justo debajo de la entrada a Ciudad",,
165,Entrenadores en la Ruta 13:,,land,"​ Restaurar Todo: En la segunda pantalla, justo debajo de la entrada a Ciudad",,
165,Entrenadores en la Ruta 13:,,land,"​ Arbusto de Bayas (Zidra (X2)): En la segunda pantalla, justo debajo de la entrada a",,
165,Entrenadores en la Ruta 13:,,land,"​ MT16 Pantalla Luz. En la segunda pantalla, veremos a un dúo de mosqueteros,",,
169,Entrenadores en la Ruta 13:,,land,​ 38% Furfrou (Dropea Pelaje Fino y raramente Perla),,
169,Entrenadores en la Ruta 13:,,land,​ 20% Butterfree (Dropea Rocío Matinal y raramente Polvo Plata),,
169,Entrenadores en la Ruta 13:,,land,​ 20% Beedrill (Dropea Rocío Matinal y raramente Flecha Venenosa),,
169,Entrenadores en la Ruta 13:,,land,​ 20% Tranquill (No tiene drop),,
169,Entrenadores en la Ruta 13:,,land,​ 1% Glameow (Dropea Baya Zreza),,
169,Entrenadores en la Ruta 13:,,land,​ 1% Purugly (Dropea Baya Zreza),,
169,Entrenadores en la Ruta 13:,,dust,​ 20% Houndour (Dropea Brasa Candente y raramente Extracto Sombrío),,
169,Entrenadores en la Ruta 13:,,dust,​ 20% Garbodor (Dropea Lodo Negro y raramente Pepita),,
169,Entrenadores en la Ruta 13:,,dust,​ 20% Lampent (Dropea Ectoplasma y raramente Brasa Candente),,
169,Entrenadores en la Ruta 13:,,dust,​ 20% Klefki (Dropea Virutas Férreas y raramente Azúcar Meloso),,
169,Entrenadores en la Ruta 13:,,dust,​ 18% Hypno (Dropea Fluido Onírico y raramente Polvo Brillante),,
169,Entrenadores en la Ruta 13:,,dust,​ 2% Spiritomb (Dropea Ectoplasma y raramente Extracto Sombrío),,
172,Malhechor Plumanegra,,dust,​ 28% Noibat (Dropea Baya Aranja y raramente Baya Zidra),,
172,Malhechor Plumanegra,,dust,​ 25% Ariados (Dropea Antídoto y raramente Flecha Venenosa),,
172,Malhechor Plumanegra,,dust,​ 25% Glimmet (Dropea Mineral Extraño y raramente Poketoxina),,
172,Malhechor Plumanegra,,dust,​ 20% Misdreavus (Dropea Ectoplasma y raramente Polvo de Hueso),,
172,Malhechor Plumanegra,,dust,​ 2% Glimmora (No tiene drop),,
214,Alcaide Pinot,,dust,​ 20% Turtonator (Dropea Brasa candente y raramente Carbón),,
214,Alcaide Pinot,,dust,​ 20% Carkol (Dropea Brasa Candente),,
214,Alcaide Pinot,,dust,​ 10% Darumaka (Dropea Baya Safre y raramente Brasa Candente),,
214,Alcaide Pinot,,dust,​ 10% Darmanitan (Dropea Baya Safre y raramente Brasa Candente),,
214,Alcaide Pinot,,dust,​ 20% Magcargo (Dropea Brasa Candente),,
214,Alcaide Pinot,,dust,​ 18% Onix (Dropea Mineral Extraño y raramente Grava Seca),,
214,Alcaide Pinot,,dust,​ 2% Steelix (Dropea Rev. Metálico),,
216,Alcaide Pinot,,dust,​ 20% Claydol (Dropea Fluido Onírico y raramente Grava Seca),,
216,Alcaide Pinot,,dust,​ 20% Sigilyph (Dropea Fluido Onírico),,
216,Alcaide Pinot,,dust,​ 20% Dusclops (Dropea Ectoplasma),,
216,Alcaide Pinot,,dust,​ 20% Golurk (Dropea Ectoplasma y raramente Refleluz),,
216,Alcaide Pinot,,dust,​ 18% Golbat (No tiene drop),,
216,Alcaide Pinot,,dust,​ 2% Crobat (No tiene drop),,
217,Alcaide Pinot,,land,​ 20% Snover (Dropea Baya Zidra y raramente Antiderretir),,
217,Alcaide Pinot,,land,​ 20% Bibarel Z (Dropea Baya Aranja y raramente Baya Zidra),,
217,Alcaide Pinot,,land,​ 14% Swinub (Dropea Grava Seca y raramente Esquirlas Frías),,
217,Alcaide Pinot,,land,​ 10% Snorunt (Dropea Esquirlas Frías y raramente Baya Baribá),,
217,Alcaide Pinot,,land,​ 10% Glalie (Dropea Esquirlas Frías y raramente Baya Baribá),,
217,Alcaide Pinot,,land,​ 10% Bergmite (Dropea Esquirlas Frías),,
217,Alcaide Pinot,,land,​ 10% Avalugg (Dropea Esquirlas Frías),,
217,Alcaide Pinot,,land,​ 6% Piloswine (Dropea Grava Seca y raramente Esquirlas Frías),,
217,Entrenadores en Pirineos de Kalos:,,land,​ 20% Snom (Dropea Rocío Matinal y raramente Esquirlas Frías),,
217,Entrenadores en Pirineos de Kalos:,,land,​ 20% Bibarel Z (Dropea Baya Aranja y raramente Baya Zidra),,
217,Entrenadores en Pirineos de Kalos:,,land,​ 14% Swinub (Dropea Grava Seca y raramente Esquirlas Frías),,
217,Entrenadores en Pirineos de Kalos:,,land,​ 10% Snorunt (Dropea Esquirlas Frías y raramente Baya Baribá),,
217,Entrenadores en Pirineos de Kalos:,,land,​ 10% Glalie (Dropea Esquirlas Frías y raramente Baya Baribá),,
217,Entrenadores en Pirineos de Kalos:,,land,​ 10% Bergmite (Dropea Esquirlas Frías),,
217,Entrenadores en Pirineos de Kalos:,,land,​ 10% Avalugg (Dropea Esquirlas Frías),,
217,Entrenadores en Pirineos de Kalos:,,land,​ 6% Delibird (Dropea Baya Aranja y raramente Baya Zidra),,
218,Entrenadores en Pirineos de Kalos:,,land,​ 20% Abomasnow (Dropea Baya Zidra y raramente Antiderretir),,
218,Entrenadores en Pirineos de Kalos:,,land,​ 20% Frosmoth (Dropea Rocío Matinal y raramente Esquirlas Frías),,
218,Entrenadores en Pirineos de Kalos:,,land,​ 18% Piloswine (Dropea Grava Seca y raramente Esquirlas Frías),,
218,Entrenadores en Pirineos de Kalos:,,land,​ 10% Snorunt (Dropea Esquirlas Frías y raramente Baya Baribá),,
218,Entrenadores en Pirineos de Kalos:,,land,​ 10% Glalie (Dropea Esquirlas Frías y raramente Baya Baribá),,
218,Entrenadores en Pirineos de Kalos:,,land,​ 10% Bergmite (Dropea Esquirlas Frías),,
218,Entrenadores en Pirineos de Kalos:,,land,​ 10% Avalugg (Dropea Esquirlas Frías),,
218,Entrenadores en Pirineos de Kalos:,,land,​ 2% Mamoswine (No tiene drop),,
220,Entrenadores en Pirineos de Kalos Parte 2:,,land,​ 20% Abomasnow (Dropea Baya Zidra y raramente Antiderretir),,
220,Entrenadores en Pirineos de Kalos Parte 2:,,land,​ 20% Frosmoth (Dropea Rocío Matinal y raramente Esquirlas Frías),,
220,Entrenadores en Pirineos de Kalos Parte 2:,,land,​ 18% Piloswine (Dropea Grava Seca y raramente Esquirlas Frías),,
220,Entrenadores en Pirineos de Kalos Parte 2:,,land,​ 10% Snorunt (Dropea Esquirlas Frías y raramente Baya Baribá),,
220,Entrenadores en Pirineos de Kalos Parte 2:,,land,​ 10% Froslass (Dropea Ectoplasma y raramente Baya Baribá),,
220,Entrenadores en Pirineos de Kalos Parte 2:,,land,​ 10% Bergmite (Dropea Esquirlas Frías),,
220,Entrenadores en Pirineos de Kalos Parte 2:,,land,​ 10% Avalugg (Dropea Esquirlas Frías),,
220,Entrenadores en Pirineos de Kalos Parte 2:,,land,​ 2% Frigibax (Dropea Escama Dura),,
220,Entrenadores en Pirineos de Kalos Parte 3:,,land,"​ Revivir Máximo: Zona mitad izquierda del mapa, justo arriba del carabinero",,
221,Entrenadores en Pirineos de Kalos Parte 3:,,land,​ Esquirlas frías: Oculto en una roca en la roca al lado del carabinero,,
221,Entrenadores en Pirineos de Kalos Parte 3:,,land,​ 20% Hypno (Dropea Fluido Onírico y raramente Polvo Brillante),,
221,Entrenadores en Pirineos de Kalos Parte 3:,,land,​ 20% Frosmoth (Dropea Rocío Matinal y raramente Esquirlas Frías),,
221,Entrenadores en Pirineos de Kalos Parte 3:,,land,​ 20% Mr. Rime (No tiene drop),,
221,Entrenadores en Pirineos de Kalos Parte 3:,,land,​ 18% Meditite (Dropea Fibra Elástica y raramente Madera),,
221,Entrenadores en Pirineos de Kalos Parte 3:,,land,​ 10% Bergmite (Dropea Esquirlas Frías),,
221,Entrenadores en Pirineos de Kalos Parte 3:,,land,​ 10% Avalugg (Dropea Esquirlas Frías),,
221,Entrenadores en Pirineos de Kalos Parte 3:,,land,​ 2% Medicham (No tiene drop),,
222,Entrenadores en Pirineos de Kalos Parte 3:,,land,​ 20% Orthworm (Dropea Virutas Férreas),,
222,Entrenadores en Pirineos de Kalos Parte 3:,,land,​ 20% Naclstack (No tiene drop),,
222,Entrenadores en Pirineos de Kalos Parte 3:,,land,​ 10% Cufant (Dropea Virutas Férreas),,
222,Entrenadores en Pirineos de Kalos Parte 3:,,land,​ 10% Copperajah (Dropea Virutas Férreas),,
222,Entrenadores en Pirineos de Kalos Parte 3:,,land,​ 20% Rhydon (Dropea Grava Seca y raramente Mineral Extraño),,
222,Entrenadores en Pirineos de Kalos Parte 3:,,land,​ 18% Pidgeot (No tiene drop),,
222,Entrenadores en Pirineos de Kalos Parte 3:,,land,​ 2% Hakamo-o (Dropea Escama Dura y raramente Garra Afilada),,
234,Regente Hibis,,land,​ 20% Beedrill (Dropea Rocío Matinal y raramente Flecha Venenosa),,
234,Regente Hibis,,land,​ 20% Gothorita (Dropea Ectoplasma y raramente Fluido Onírico),,
234,Regente Hibis,,land,​ 20% Grafaiai (Dropea Poketoxina),,
234,Regente Hibis,,land,​ 10% Palpitoad (Dropea Baya Caquic y raramente Grava Seca),,
234,Regente Hibis,,land,​ 10% Seismitoad (Dropea Baya Caquic y raramente Grava Seca),,
234,Regente Hibis,,land,​ 18% Bombirdier (Dropea Pluma Suave y raramente Mineral Extraño),,
234,Regente Hibis,,land,​ 2% Sliggoo (No tiene drop),,
234,Regente Hibis,,fish,​ 70% Qwilfish (Dropea Poketoxina y raramente Flecha Venenosa),,
234,Regente Hibis,,fish,​ 30% Dragalge (No tiene drop),,
235,Entrenadores en la Ruta 14:,,fish,​ 70% Politoed (Dropea Agua Vital y raramente Roca del Rey),,
235,Entrenadores en la Ruta 14:,,fish,​ 30% Basculin (Dropea Agua Vital y raramente Diente Marino),,
237,Entrenadores en la Ruta 14:,,land,​ 20% Klang (Dropea Virutas Férreas),,
237,Entrenadores en la Ruta 14:,,land,​ 20% Gurdurr (Dropea Fibra Elástica y raramente Virutas Férreas),,
237,Entrenadores en la Ruta 14:,,land,​ 20% Revavroom (Dropea Polvo Brillante y raramente Virutas Férreas),,
237,Entrenadores en la Ruta 14:,,land,​ 10% Voltorb (Dropea Polvo Brillante y raramente Poké Ball),,
237,Entrenadores en la Ruta 14:,,land,​ 10% Electrode (Dropea Polvo Brillante y raramente Poké Ball),,
238,Entrenadores en la Ruta 14:,,land,​ 10% Heatmor (Dropea Baya Zidra y raramente Brasa Candente),,
238,Entrenadores en la Ruta 14:,,land,​ 10% Durant (Dropea Virutas Férreas y raramente Rocío Matinal),,
238,Entrenadores en la Ruta 14:,,land,"​ Poción Máxima: Arriba a la derecha, tras la hierba alta",,
238,Entrenadores en la Ruta 14:,,land,"​ Virutas Férreas: En la zona de la derecha, entre unos setos, al lado de unas vigas",,
238,Entrenadores en la Ruta 14:,,land,"​ Mapa Isla: Objeto clave, se consigue en la parte inferior izquierda, usando la lente de",,
238,Entrenadores en la Ruta 14:,,land,"​ Hiperpoción: Justo en la esquina inferior derecha, entre unos setos",,
238,Entrenadores en la Ruta 14:,,land,​ 20% Toucannon (Dropea Baya Zidra y raramente Pluma Suave) (Izquierda),,
238,Entrenadores en la Ruta 14:,,land,​ 20% Komala (Dropea Madera y raramente Pelaje Fino),,
238,Entrenadores en la Ruta 14:,,land,​ 20% Alola (Dropea Baya Aranja y raramente Piedra Hoja). (Izquierda),,
238,Entrenadores en la Ruta 14:,,land,​ 20% Gumshoos (Dropea Baya Aranja y raramente Baya Meloc),,
238,Entrenadores en la Ruta 14:,,land,​ 18% Oricorio (Dropea Pluma Suave y raramente Miel),,
238,Entrenadores en la Ruta 14:,,land,​ 2% Hakamo-o (Dropea Escama Dura y raramente Garra Afilada),,
239,Entrenadores en la Ruta 14:,,land,​ 20% Chatot (Dropea Pluma Suave y raramente Metrónomo),,
239,Entrenadores en la Ruta 14:,,land,​ 20% Komala (Dropea Madera y raramente Pelaje Fino),,
239,Entrenadores en la Ruta 14:,,land,​ 20% Gumshoos (Dropea Baya Aranja y raramente Baya Meloc),,
239,Entrenadores en la Ruta 14:,,land,​ 18% Oricorio (Dropea Pluma Suave y raramente Miel),,
239,Entrenadores en la Ruta 14:,,land,​ 10% Fomantis (Dropea Musco Aromático y raramente Semilla Milagro) (Derecha),,
239,Entrenadores en la Ruta 14:,,land,​ 10% Lurantis (Dropea Musco Aromático y raramente Semilla Milagro) (Derecha),,
239,Entrenadores en la Ruta 14:,,land,​ 2% Hakamo-o (Dropea Escama Dura y raramente Garra Afilada),,
239,Entrenadores en la Ruta 14:,,fish,​ 70% Wishiwashi (Dropea Agua Vital),,
239,Entrenadores en la Ruta 14:,,fish,​ 30% Toxapex (Dropea Poketoxina y raramente Agua Vital),,
239,Entrenadores en la Ruta 14:,,land,"​ Piedra Agua: En la zona central más a la derecha de la isla, junto a la hierba alta",,
239,Entrenadores en la Ruta 14:,,land,​ Perla Grande: En el islote solitario de la izquierda en el mapa de la derecha,,
239,Entrenadores en la Ruta 14:,,land,​ Perla: En el islote solitario de la derecha en el mapa de la derecha,,
241,Entrenadores en la Ruta 14:,,dust,​ 20% Pyukumuku (Dropea Agua Vital),,
241,Entrenadores en la Ruta 14:,,dust,​ 20% Dhelmise (Dropea Ectoplasma y raramente Semilla Milagro),,
241,Entrenadores en la Ruta 14:,,dust,​ 20% Malamar (Dropea Extracto Sombrío y raramente Fluido Onírico),,
241,Entrenadores en la Ruta 14:,,dust,​ 20% Corsola (Dropea Piedra Dura),,
241,Entrenadores en la Ruta 14:,,dust,​ 14% Wimpod (Dropea Agua Vital y Rocío Matinal),,
241,Entrenadores en la Ruta 14:,,dust,​ 6% Golisopod (Dropea Agua Vital y Rocío Matinal),,
242,Entrenadores en la Ruta 14:,,fish,​ 70% Clawitzer (No tiene drop),,
242,Entrenadores en la Ruta 14:,,fish,​ 30% Sealeo (Dropea Agua Vital y raramente Esquirlas Frías),,
260,Regente Anturia,,land,​ 20% Mightyena (Dropea Baya Aranja y raramente Baya Meloc),,
260,Regente Anturia,,land,​ 20% Skorupi (Dropea Flecha Venenosa),,
261,Regente Anturia,,land,​ 20% Heracross (No tiene drop),,
261,Regente Anturia,,land,​ 14% Weepinbell (Dropea Musgo Aromático y raramente Poketoxina),,
261,Regente Anturia,,land,​ 10% Gothorita (Dropea Ectoplasma y raramente Fluido Onírico),,
261,Regente Anturia,,land,​ 10% Klefki (Dropea Virutas Férreas y raramente Azúcar Meloso),,
261,Regente Anturia,,land,​ 6% Drampa (Dropea Baya Caquic),,
261,Regente Anturia,,fish,​ 70% Frillish (Dropea Ectoplasma y raramente Agua Vital),,
261,Regente Anturia,,fish,​ 30% Basculin (Dropea Agua Vital y raramente Diente Marino),,
263,Entrenadores en la Ruta 15:,,land,​ 20% Mightyena (Dropea Baya Aranja y raramente Baya Meloc),,
263,Entrenadores en la Ruta 15:,,land,​ 20% Heracross (No tiene drop),,
263,Entrenadores en la Ruta 15:,,land,​ 14% Sunflora (Dropea Musgo Aromático y raramente Piedra Solar),,
263,Entrenadores en la Ruta 15:,,land,​ 10% Pumpkaboo (Dropea Musgo Aromático y raramente Ectoplasma),,
263,Entrenadores en la Ruta 15:,,land,​ 10% Gourgeist (Dropea Musgo Aromático y raramente Ectoplasma),,
263,Entrenadores en la Ruta 15:,,land,​ 10% Gothorita (Dropea Ectoplasma y raramente Fluido Onírico),,
263,Entrenadores en la Ruta 15:,,land,​ 10% Klefki (Dropea Virutas Férreas y raramente Azúcar Meloso),,
263,Entrenadores en la Ruta 15:,,land,​ 6% Liepard (Dropea Baya Aranja y raramente Extracto Sombrío),,
263,Entrenadores en la Ruta 15:,,fish,​ 70% Lombre (No tiene drop),,
263,Entrenadores en la Ruta 15:,,fish,​ 30% Basculin (Dropea Agua Vital y raramente Diente Marino),,
265,Entrenadores en la Ruta 15 Parte 2:,,fish,​ 70% Bibarel Z (Dropea Baya Aranja y raramente Baya Zidra),,
265,Entrenadores en la Ruta 15 Parte 2:,,fish,​ 30% Drednaw (No tiene drop),,
265,Entrenadores en la Ruta 15 Parte 2:,,land,​ 20% Ursaring (Dropea Baya Meloc y raramente Baya Aranja),,
265,Entrenadores en la Ruta 15 Parte 2:,,land,​ 20% Swadloon (Dropea Hierba Mental),,
265,Entrenadores en la Ruta 15 Parte 2:,,land,​ 20% Dodrio (Dropea Pluma Suave y raramente Pico Afilado),,
265,Entrenadores en la Ruta 15 Parte 2:,,land,​ 14% Steenee (Dropea Baya Zidra),,
265,Entrenadores en la Ruta 15 Parte 2:,,land,​ 10% Phantump (Dropea Madera),,
266,Entrenadores en la Ruta 15 Parte 2:,,land,​ 10% Trevenant (Dropea Madera y raramente Ectoplasma),,
266,Entrenadores en la Ruta 15 Parte 2:,,land,​ 6% Mawile (Dropea Virutas Férreas y raramente Baya Caoca),,
266,Entrenadores en la Ruta 15 Parte 2:,,fish,​ 70% Lombre (No tiene drop),,
266,Entrenadores en la Ruta 15 Parte 2:,,fish,​ 30% Seaking (No tiene drop),,
266,Entrenadores en la Ruta 16 Norte:,,land,"​ MANECTRICITA: En la zona central derecha, tras hierba alta y un árbol de corte que",,
266,Entrenadores en la Ruta 16 Norte:,,land,"​ Mini Seta: En el montón de hojas de la esquina inferior izquierda, tras surfear el río",,
266,Entrenadores en la Ruta 16 Norte:,,land,"​ Revivir Máximo: En la parte más al sur posible, tras bajar las escaleras, a la",,
267,Entrenadores en la Ruta 16 Norte:,,land,​ 20% Greedent (Dropea Baya Zidra),,
267,Entrenadores en la Ruta 16 Norte:,,land,​ 20% Swadloon (Dropea Hierba Mental),,
267,Entrenadores en la Ruta 16 Norte:,,land,​ 20% Spinda (Dropea Baya Atania),,
267,Entrenadores en la Ruta 16 Norte:,,land,​ 20% Dodrio (Dropea Pluma Suave y raramente Pico Afilado),,
267,Entrenadores en la Ruta 16 Norte:,,land,​ 14% Steenee (Dropea Baya Zidra),,
267,Entrenadores en la Ruta 16 Norte:,,land,​ 6% Mawile (Dropea Virutas Férreas y raramente Baya Caoca),,
267,Entrenadores en la Ruta 16 Norte:,,fish,​ 70% Lombre (No tiene drop),,
267,Entrenadores en la Ruta 16 Norte:,,fish,​ 30% Seaking (No tiene drop),,
269,Entrenadores en la Ruta 16 Sur:,,land,​ 20% Beartic (Dropea Baya Perasi y raramente Esquirlas Frías),,
269,Entrenadores en la Ruta 16 Sur:,,land,​ 20% Piloswine (Dropea Grava Seca y raramente Esquirlas Frías),,
269,Entrenadores en la Ruta 16 Sur:,,land,​ 14% Haunter (Dropea Ectoplasma y raramente Poketoxina),,
269,Entrenadores en la Ruta 16 Sur:,,land,​ 10% Bergmite (Dropea Esquirlas Frías),,
269,Entrenadores en la Ruta 16 Sur:,,land,​ 10% Avalugg (Dropea Esquirlas Frías),,
269,Entrenadores en la Ruta 16 Sur:,,land,​ 10% Vanillite (Dropea Azúcar Meloso y raramente Esquirlas Frías),,
269,Entrenadores en la Ruta 16 Sur:,,land,​ 10% Vanillish (Dropea Azúcar Meloso y raramente Esquirlas Frías),,
269,Entrenadores en la Ruta 16 Sur:,,land,​ 6% Mr. Rime (No tiene drop),,
269,Entrenadores en la Ruta 16 Sur:,,fish,​ 70% Poliwhirl (Dropea Roca del Rey),,
269,Entrenadores en la Ruta 16 Sur:,,fish,​ 30% Basculin (Dropea Agua Vital y raramente Diente Marino),,
270,Entrenadores en la Ruta 17:,,dust,​ 20% Delibird (Dropea Baya Aranja y raramente Baya Zidra),,
270,Entrenadores en la Ruta 17:,,dust,​ 20% Cetitan (Dropea Esquirlas Frías),,
270,Entrenadores en la Ruta 17:,,dust,​ 14% Cryogonal (Dropea Esquirlas Frías y raramente Antiderretir),,
270,Entrenadores en la Ruta 17:,,dust,​ 10% Bergmite (Dropea Esquirlas Frías),,
270,Entrenadores en la Ruta 17:,,dust,​ 10% Avalugg (Dropea Esquirlas Frías),,
270,Entrenadores en la Ruta 17:,,dust,​ 10% Glalie (Dropea  Esquirlas Frías y raramente Baya Baribá),,
270,Entrenadores en la Ruta 17:,,dust,​ 10% Froslass (Dropea Ectoplasma y raramente Baya Baribá),,
270,Entrenadores en la Ruta 17:,,dust,​ 6% Frigibax (Dropea Escama Dura),,
271,Entrenadores en la Ruta 17:,,fish,​ 70% Sealeo (Dropea Agua Vital y raramente Esquirlas Frías),,
271,Entrenadores en la Ruta 17:,,fish,​ 30% Lapras (No tiene drop),,
275,combate.,,land,​ 20% Absol (Dropea Extracto Sombrío),,
275,combate.,,land,​ 20% Weavile (Dropea Garra Garfio y raramente Garra Afilada),,
276,combate.,,land,​ 20% Grumpig (Dropea Fluido Onírico y raramente Baya Yecana),,
276,combate.,,land,​ 20% Bibarel Z(Dropea Baya Aranja y raramente Baya Zidra),,
276,combate.,,land,​ 18% Walrein (Dropea Agua Vital y raramente Esquirlas Frías),,
276,combate.,,land,​ 2% Castform (Dropea Agua Mística),,
276,combate.,,land,​ Página de Alquimia Pokémon: Entre la hierba alta debajo del Grumpig sanador,,
276,combate.,,land,"​ Mini Seta: En la esquina inferior derecha, entre la hierba alta",,
276,combate.,,land,"​ Chapa Vigor: En la esquina inferior derecha, oculto en la roca solitaria de la zona",,
276,combate.,,land,"​ Esquirlas Frías: Oculto en la roca de la derecha arriba, antes de cambiar de pantalla",,
276,combate.,,land,​ 20% Absol (Dropea Extracto Sombrío),,
276,combate.,,land,​ 20% Weavile (Dropea Garra Garfio y raramente Garra Afilada),,
276,combate.,,land,​ 20% Grumpig (Dropea Fluido Onírico y raramente Baya Yecana),,
276,combate.,,land,​ 20% Bibarel Z (Dropea Baya Aranja y raramente Baya Zidra),,
276,combate.,,land,​ 18% Walrein (Dropea Agua Vital y raramente Esquirlas Frías),,
276,combate.,,land,​ 2% Castform (Dropea Agua Mística),,
276,combate.,,fish,​ 70% Seel (No tiene drop),,
276,combate.,,fish,​ 30% Dratini (Dropea Escamadragón),,
280,Rival Melia:,,fish,​ 70% Starmie (Dropea Polvoestelar y Trozo Estrella),,
280,Rival Melia:,,fish,​ 30% Bruxish (Dropea Colmillo Agudo),,
282,Entrenadores en Ciudad Fluxus:,,land,​ 20% Dhelmise (Dropea Ectoplasma y raramente Semilla Milagro),,
282,Entrenadores en Ciudad Fluxus:,,land,​ 20% Gorebyss (Dropea Agua Vital y raramente Escama Marina),,
282,Entrenadores en Ciudad Fluxus:,,land,​ 20% Lumineon (Dropea Agua Vital y raramente Baya Tamar),,
282,Entrenadores en Ciudad Fluxus:,,land,​ 20% Huntail (Dropea Agua Vital y raramente Diente Marino),,
282,Entrenadores en Ciudad Fluxus:,,land,​ 14% Finizen (Dropea Agua Vital y raramente Fibra Elástica),,
282,Entrenadores en Ciudad Fluxus:,,land,​ 6% Palafin (Dropea Agua Vital y raramente Fibra Elástica),,
283,Fondo Marino Pueblo Petroglifo (Opcional),,land,​ 20% Wimpod (Dropea Agua Vital y raramente Rocío Matinal),,
283,Fondo Marino Pueblo Petroglifo (Opcional),,land,​ 20% Relicanth (Dropea Escama Marina),,
283,Fondo Marino Pueblo Petroglifo (Opcional),,land,​ 15% Pyukumuku (Dropea Agua Vital),,
283,Fondo Marino Pueblo Petroglifo (Opcional),,land,​ 15% Veluza (Dropea Agua Vital y raramente Fluido Onírico),,
283,Fondo Marino Pueblo Petroglifo (Opcional),,land,​ 10% Tentacool (Dropea Agua Vital y raramente Flecha Venenosa),,
283,Fondo Marino Pueblo Petroglifo (Opcional),,land,​ 10% Tentacruel (Dropea Flecha Venenosa),,
283,Fondo Marino Pueblo Petroglifo (Opcional),,land,​ 10% Golisopod (Dropea Agua Vital y raramente Rocío Matinal),,
284,Fondo Marino Pueblo Petroglifo (Opcional),,land,​ 20% Alomomola (Dropea Agua Vital y raramente Escama Corazón),,
284,Fondo Marino Pueblo Petroglifo (Opcional),,land,​ 20% Floatzel (Dropea Baya Gualot),,
284,Fondo Marino Pueblo Petroglifo (Opcional),,land,​ 20% Tatsugiri (Dropea Agua Vital y raramente Baya Zidra),,
284,Fondo Marino Pueblo Petroglifo (Opcional),,land,​ 20% Dondozo (Dropea Agua Vital y raramente Baya Zidra),,
284,Fondo Marino Pueblo Petroglifo (Opcional),,land,​ 20% Barraskewda (Dropea Agua Vital y raramente Baya Zidra),,
284,Fondo Marino Pueblo Petroglifo (Opcional),,land,​ 20% Wimpod (Dropea Agua Vital y raramente Rocío Matinal),,
284,Fondo Marino Pueblo Petroglifo (Opcional),,land,​ 20% Skrelp (No tiene drop),,
284,Fondo Marino Pueblo Petroglifo (Opcional),,land,​ 20% Magikarp (Dropea Agua Vital y raramente Escama Dura),,
284,Fondo Marino Pueblo Petroglifo (Opcional),,land,​ 14% Clauncher (No tiene drop),,
284,Fondo Marino Pueblo Petroglifo (Opcional),,land,​ 10% Frillish (Dropea Ectoplasma y raramente Agua Vital),,
284,Fondo Marino Pueblo Petroglifo (Opcional),,land,​ 10% Jellicent (No tiene drop),,
284,Fondo Marino Pueblo Petroglifo (Opcional),,land,​ 6% Clawitzer (No tiene drop),,
284,Fondo Marino Pueblo Petroglifo (Opcional),,land,"​ MT18 Danza Lluvia. En la zona central sur del lago, justo debajo de hierba alta",,
284,Fondo Marino Pueblo Petroglifo (Opcional),,land,​ Real Cobre: En la esquina inferior izquierda del lago,,
284,Fondo Marino Pueblo Petroglifo (Opcional),,land,"​ Real Oro: Zona central del lago, a la derecha de la entrada a la Forja Inundada",,
284,Fondo Marino Pueblo Petroglifo (Opcional),,land,"​ Página de Alquimia Pokémon: Zona central norte del lago, a la derecha y arriba de la",,
284,Fondo Marino Pueblo Petroglifo (Opcional),,land,"​ Real Oro: Zona superior izquierda del lago, a la izquierda de la entrada a la Forja",,
285,Fondo Marino Pueblo Petroglifo (Opcional),,dust,​ 20% Solrock (Dropea Mineral Extraño y raramente Piedra Solar),,
285,Fondo Marino Pueblo Petroglifo (Opcional),,dust,​ 20% Lunatone (Dropea Mineral Extraño y raramente Piedra Lunar),,
285,Fondo Marino Pueblo Petroglifo (Opcional),,dust,​ 20% Golurk (Dropea Ectoplasma y raramente Refleluz),,
285,Fondo Marino Pueblo Petroglifo (Opcional),,dust,​ 20% Carbink (Dropea Mineral Extraño y raramente Azúcar Meloso),,
285,Fondo Marino Pueblo Petroglifo (Opcional),,dust,​ 14% Eelektrik (Dropea Polvo Brillante),,
285,Fondo Marino Pueblo Petroglifo (Opcional),,dust,​ 6% Eelektross (Dropea Polvo Brillante),,
294,Regente Rúpico,,land,​ 20% Cinccino (Dropea Baya Atania y raramente Pelaje Fino),,
294,Regente Rúpico,,land,​ 20% Farfetch’d Galar (Dropea Pluma Suave y raramente Palo),,
294,Regente Rúpico,,land,​ 20% Ribombee (Dropea Azúcar Meloso y raramente Miel),,
294,Regente Rúpico,,land,​ 20% Torkoal (Dropea Brasa Candente),,
294,Regente Rúpico,,land,​ 20% Pupitar (Dropea Mineral Extraño y raramente Grava Seca),,
294,Regente Rúpico,,fish,​ 70% Slowbro (Dropea Roca del Rey),,
294,Regente Rúpico,,fish,​ 30% Bruxish (Dropea Colmillo Agudo),,
295,Entrenadores en Ruta 19:,,dust,​ 20% Marowak Z (Dropea Cola Plúmbea),,
295,Entrenadores en Ruta 19:,,dust,​ 20% Druddigon (Dropea Escama Dura y raramente Colmillo Dragón),,
295,Entrenadores en Ruta 19:,,dust,​ 20% Excadrill (Dropea Grava Seca y raramente Virutas Férreas),,
295,Entrenadores en Ruta 19:,,dust,​ 20% Dugtrio (Dropea Grava Seca y raramente Arena Fina),,
295,Entrenadores en Ruta 19:,,dust,​ 10% Gurdurr (Dropea Fibra Elástica y raramente Virutas Férreas),,
295,Entrenadores en Ruta 19:,,dust,​ 10% Larvitar (Dropea Mineral Extraño y raramente Grava Seca),,
295,Entrenadores en Ruta 19:,,dust,​ 10% Pupitar (Dropea Mineral Extraño y raramente Grava Seca),,
295,Entrenadores en Ruta 19:,,dust,​ 18% Lairon (Dropea Piedra Dura),,
295,Entrenadores en Ruta 19:,,dust,​ 2% Shuckle (Dropea Zumo de Baya),,
295,Entrenadores en Ruta 19:,,dust,​ 20% Marowak Z (Dropea Cola Plúmbea),,
295,Entrenadores en Ruta 19:,,dust,​ 20% Druddigon (Dropea Escama Dura y raramente Colmillo Dragón),,
295,Entrenadores en Ruta 19:,,dust,​ 20% Excadrill (Dropea Grava Seca y raramente Virutas Férreas),,
295,Entrenadores en Ruta 19:,,dust,​ 20% Dugtrio (Dropea Grava Seca y raramente Arena Fina),,
295,Entrenadores en Ruta 19:,,dust,​ 10% Gurdurr (Dropea Fibra Elástica y raramente Virutas Férreas),,
295,Entrenadores en Ruta 19:,,dust,​ 10% Larvitar (Dropea Mineral Extraño y raramente Grava Seca),,
295,Entrenadores en Ruta 19:,,dust,​ 10% Pupitar (Dropea Mineral Extraño y raramente Grava Seca),,
295,Entrenadores en Ruta 19:,,dust,​ 18% Lairon (Dropea Piedra Dura),,
295,Entrenadores en Ruta 19:,,dust,​ 2% Shuckle (Dropea Zumo de Baya),,
295,Entrenadores en Ruta 19:,,dust,​ 20% Marowak Z (Dropea Cola Plúmbea),,
295,Entrenadores en Ruta 19:,,dust,​ 20% Druddigon (Dropea Escama Dura y raramente Colmillo Dragón),,
295,Entrenadores en Ruta 19:,,dust,​ 20% Excadrill (Dropea Grava Seca y raramente Virutas Férreas),,
296,Entrenadores en Ruta 19:,,dust,​ 20% Dugtrio (Dropea Grava Seca y raramente Arena Fina),,
296,Entrenadores en Ruta 19:,,dust,​ 10% Gurdurr (Dropea Fibra Elástica y raramente Virutas Férreas),,
296,Entrenadores en Ruta 19:,,dust,​ 10% Larvitar (Dropea Mineral Extraño y raramente Grava Seca),,
296,Entrenadores en Ruta 19:,,dust,​ 10% Pupitar (Dropea Mineral Extraño y raramente Grava Seca),,
296,Entrenadores en Ruta 19:,,dust,​ 18% Lairon (Dropea Piedra Dura),,
296,Entrenadores en Ruta 19:,,dust,​ 2% Shuckle (Dropea Zumo de Baya),,
300,Pintora Ginia:,,fish,​ 70% Lombre (No tiene drop),,
300,Pintora Ginia:,,fish,​ 30% Floatzel (Dropea Baya Gualot),,
305,Entrenadores en Pueblo Mosaico:,,land,​ 20% Parasect Z (Dropea Mini Seta y raramente Seta Grande),,
305,Entrenadores en Pueblo Mosaico:,,land,​ 20% Eldegoss (Dropea Musgo Aromático y raramente Baya Zidra),,
305,Entrenadores en Pueblo Mosaico:,,land,​ 20% Cyclizar (Dropea Escama Dura),,
305,Entrenadores en Pueblo Mosaico:,,land,​ 20% Reuniclus Regional (Dropea Fluido Onírico y raramente Poketoxina),,
305,Entrenadores en Pueblo Mosaico:,,land,​ 14% Gligar (Dropea Grava Seca y raramente Colmillo Agudo),,
305,Entrenadores en Pueblo Mosaico:,,land,​ 6% Gliscor (Dropea Grava Seca y raramente Colmillo Agudo),,
305,Entrenadores en Pueblo Mosaico:,,fish,​ 70% Whiscash (Dropea Agua Vital y raramente Grava Seca),,
305,Entrenadores en Pueblo Mosaico:,,fish,​ 30% Politoed (Dropea Agua Vital y raramente Roca del Rey),,
307,Entrenadores en Ruta 20:,,dust,​ 20% Claydol (Dropea Fluido Onírico y raramente Grava Seca),,
307,Entrenadores en Ruta 20:,,dust,​ 20% Sigilyph (Dropea Fluido Onírico),,
307,Entrenadores en Ruta 20:,,dust,​ 20% Dusclops (Dropea Ectoplasma),,
307,Entrenadores en Ruta 20:,,dust,​ 20% Golurk (Dropea Ectoplasma y raramente Refleluz),,
307,Entrenadores en Ruta 20:,,dust,​ 18% Golbat (No tiene drop),,
307,Entrenadores en Ruta 20:,,dust,​ 2% Crobat (No tiene drop),,
307,Entrenadores en Ruta 20:,,land,​ 20% Glalie (Dropea Esquirlas Frías y raramente Baya Baribá),,
307,Entrenadores en Ruta 20:,,land,​ 20% Skarmory (Dropea Virutas Férreas y raramente Pluma Suave),,
307,Entrenadores en Ruta 20:,,land,​ 20% Jynx (Dropea Baya Perasi),,
307,Entrenadores en Ruta 20:,,land,​ 20% Frosmoth (Dropea Rocío Matinal y raramente Esquirlas Frías),,
307,Entrenadores en Ruta 20:,,land,​ cc10% Chansey (Dropea Puño Suerte y raramente Huevo Suerte),,
307,Entrenadores en Ruta 20:,,land,​ 10% Dunsparce (Dropea Madera y raramente Pelaje Fino),,
307,Entrenadores en Ruta 20:,,land,"​ Antiderretir: Zona inferior derecha, tras bajar montaña rocosa, junto a hierba alta",,
308,Entrenadores en Ruta 20:,,land,"​ MT75 Danza Espada. Hablando con un mosquetero en la zona central, junto a una",,
308,Entrenadores en Ruta 20:,,land,"​ MT99 Triple Áxel. En la zona central izquierda de la ciudad, tras usar la montura",,
308,Entrenadores en Ruta 20:,,land,​ Espada del Rey Olvidado: Comprándola en el cazador del Centro Pokémon,,
308,Entrenadores en Ruta 20:,,land,​ Extracto Sombrío: En la papelera de la casa superior al Centro Pokémon,,
308,Entrenadores en Ruta 20:,,land,​ ALCREMITA: Nos la da una anciana si le damos un Agua Fresca en el piso superior,,
308,Entrenadores en Ruta 20:,,land,​ Baya Meloc: En la papelera de la casa superior izquierda,,
308,Entrenadores en Ruta 20:,,land,​ MEDICHAMITA: Tras jugar con la niña en la planta alta de la casa superior,,
308,Entrenadores en Ruta 20:,,land,​ HATTERENITA: Tras jugar con la niña en la planta alta de la casa superior izquierda,,
308,Entrenadores en Ruta 20:,,land,"​ Colmillo Dragón: Nos lo da la damisela en la casa central sur, la que tiene un Eevee",,
309,Entrenadores en Ruta 20:,,land,​ Cobalion se situará en la Fábrica de Poké Ball (Exterior) dentro de los jardines,,
309,Entrenadores en Ruta 20:,,land,"​ Terrakion se situará en la Ruta 12, zona más a la izquierda posible",,
309,Entrenadores en Ruta 20:,,land,"​ Virizion se situará en el Bosque Ladera, en la zona más a la derecha posible de la",,
309,Entrenadores en Ruta 20:,,land,"​ Keldeo se situará en Pueblo Mosaico, en la zona de la derecha, tras escalar la",,
318,Regente Cendera,,land,​ 20% Gogoat (No tiene drop),,
318,Regente Cendera,,land,​ 20% Rhydon (Dropea Grava Seca y raramente Mineral Extraño),,
318,Regente Cendera,,land,​ 20% Blastoise (No tiene drop),,
318,Regente Cendera,,land,​ 20% Aggron (Dropea Piedra Dura),,
318,Regente Cendera,,land,​ 18% Garganacl (No tiene drop),,
318,Regente Cendera,,land,​ 2% Aegislash (No tiene drop),,
324,ILUMINACIÓN,,land,​ 20% Watchog (Dropea Pelaje Fino y raramente Baya Zidra),,
324,ILUMINACIÓN,,land,​ 20% Lickitung (Dropea Pelaje Fino y raramente Baya Zidra),,
324,ILUMINACIÓN,,land,​ 20% Furret (Dropea Pelaje Fino y raramente Baya Zidra),,
324,ILUMINACIÓN,,land,​ 20% Audino (Dropea Baya Aranja y raramente Baya Zidra),,
325,ILUMINACIÓN,,land,​ 10% Bouffalant (Dropea Pelaje Fino y raramente Baya Zidra),,
325,ILUMINACIÓN,,land,​ 10% Tauros (Dropea Pelaje Fino y raramente Baya Zidra),,
325,ILUMINACIÓN,,fish,​ 70% Floatzel (Dropea Baya Gualot),,
325,ILUMINACIÓN,,fish,​ 30% Ludicolo (No tiene drop),,
330,Xerneas,,land,​ Beautifly 20% (Dropea Baya Aranja y raramente Rocío Matinal),,
330,Xerneas,,land,​ Dustox 20% (Dropea Baya Aranja y raramente Pokétoxina),,
330,Xerneas,,land,​ Kecleon 20% (Dropea Baya Zidra y raramente Pelaje Fino),,
330,Xerneas,,land,​ Staravia 20% (Dropea Pluma Suave y raramente Baya Rimoya),,
330,Xerneas,,land,​ Vibrava 14% (Dropea Rocío Matinal y raramente Escama Dura),,
330,Xerneas,,land,​ Zoroark 6% (Dropea raramente Extracto Sombrío),,
330,Xerneas,,land,​ Beautifly 20% (Dropea Baya Aranja y raramente Rocío Matinal),,
330,Xerneas,,land,​ Dustox 20% (Dropea Baya Aranja y raramente Pokétoxina),,
330,Xerneas,,land,​ Kecleon 20% (Dropea Baya Zidra y raramente Pelaje Fino),,
330,Xerneas,,land,​ Vigoroth 20% (Dropea Pelaje Fino),,
330,Xerneas,,land,​ Vibrava 14% (Dropea Rocío Matinal y raramente Escama Dura),,
330,Xerneas,,land,​ Sudowoodo 6% (Dropea Mineral Extraño),,
330,Xerneas,,land,​ Poliwhirl 70% (Dropea Baya Aranja y raramente),,
330,Xerneas,,land,​ Ludicolo 30% (Dropea Baya Aranja y raramente Rocío Matinal),,
332,Villa Pokémon​,,land,​ Wigglytuff 20% (No tiene drop),,
332,Villa Pokémon​,,land,​ Ditto 20% (Dropea Polvo veloz y raramente Polvo Metálico),,
332,Villa Pokémon​,,land,​ Banette 20% (Dropea raramente Hechizo),,
332,Villa Pokémon​,,land,"​ Amoonguss 20% (Dropea Mini Seta, raramente Seta Grande y muy raramente Seta",,
332,Villa Pokémon​,,land,"​ Garbodor 18% (Dropea Lodo negro, raramente Pepita y muy raramente Maxipepita)",,
332,Villa Pokémon​,,land,​ Eevee 2% (No tiene drop),,
341,Yveltal,,land,​ Scrafty 20% (Dropea Fibra Elástica y raramente Extracto Sombrío),,
341,Yveltal,,land,​ Drifblim 20% (Dropea Ectoplasma),,
341,Yveltal,,land,​ Zoroark 20% (Dropea raramente Extracto Sombrío),,
341,Yveltal,,land,​ Morpeko 18% (Dropea Polvo Brillante y raramente Extracto Sombrío),,
341,Yveltal,,land,​ Stufful 10% (Dropea Fibra Elástica y raramente Pelaje Fino),,
341,Yveltal,,land,​ Bewear 10% (Dropea Fibra Elástica y raramente Pelaje Fino),,
341,Yveltal,,land,​ Dreepy 2% (Dropea Ectoplasma y raramente Escama Dura),,
341,Yveltal,,land,​ Luvdisc 70% (Dropea Escama Corazón),,
341,Yveltal,,land,​ Araquanid 30% (Dropea Agua Mística),,
342,Entrenadores Ruta 22 Parte 1:,,land,​ Scrafty 20% (Dropea Fibra Elástica y raramente Extracto Sombrío),,
342,Entrenadores Ruta 22 Parte 1:,,land,​ Mimikyu 20% (Dropea Ectoplasma y raramente Azucar Meloso),,
342,Entrenadores Ruta 22 Parte 1:,,land,​ Zoroark 20% (Dropea raramente Extracto Sombrío),,
342,Entrenadores Ruta 22 Parte 1:,,land,​ Mr. Rime 18% (Dropea Fluído Onírico y raramente Esquirlas Frías),,
342,Entrenadores Ruta 22 Parte 1:,,land,​ Stufful 10% (Dropea Fibra Elástica y raramente Pelaje Fino),,
342,Entrenadores Ruta 22 Parte 1:,,land,​ Bewear 10% (Dropea Fibra Elástica y raramente Pelaje Fino),,
342,Entrenadores Ruta 22 Parte 1:,,land,​ Dreepy 2% (Dropea Ectoplasma y raramente Escama Dura),,
342,Entrenadores Ruta 22 Parte 1:,,land,​ Luvdisc 70% (Dropea Escama Corazón),,
342,Entrenadores Ruta 22 Parte 1:,,land,​ Araquanid 30% (Dropea Agua Mística),,
343,Entrenadores Ruta 22 Parte 2:,,land,​ Scrafty 20% (Dropea Fibra Elástica y raramente Extracto Sombrío),,
343,Entrenadores Ruta 22 Parte 2:,,land,​ Mimikyu 20% (Dropea Ectoplasma y raramente Azucar Meloso),,
343,Entrenadores Ruta 22 Parte 2:,,land,​ Zoroark 20% (Dropea raramente Extracto Sombrío),,
343,Entrenadores Ruta 22 Parte 2:,,land,​ Mr. Rime 18% (Dropea Fluído Onírico y raramente Esquirlas Frías),,
343,Entrenadores Ruta 22 Parte 2:,,land,​ Stufful 10% (Dropea Fibra Elástica y raramente Pelaje Fino),,
343,Entrenadores Ruta 22 Parte 2:,,land,​ Bewear 10% (Dropea Fibra Elástica y raramente Pelaje Fino),,
343,Entrenadores Ruta 22 Parte 2:,,land,​ Dreepy 2% (Dropea Ectoplasma y raramente Escama Dura),,
343,Entrenadores Ruta 22 Parte 2:,,land,​ Luvdisc 70% (Dropea Escama Corazón),,
343,Entrenadores Ruta 22 Parte 2:,,land,​ Araquanid 30% (Dropea Agua Mística),,
345,Tarotista Mimi,,land,​ Barbaracle 20% (No tiene drop),,
345,Tarotista Mimi,,land,​ Crawdaunt 20% (No tiene drop),,
345,Tarotista Mimi,,land,​ Palossand 20% (Dropea Ectoplasma),,
345,Tarotista Mimi,,land,​ Malamar 20% (Dropea Extracto Sombrío y raramente Fluido Onírico),,
345,Tarotista Mimi,,land,​ Araquanid 20% (Dropea raramente Agua Mística),,
345,Tarotista Mimi,,land,​ Luvdisc 70% (Dropea Escama Corazón),,
346,Tarotista Mimi,,land,​ Dragalge 30% (No tiene drop),,
356,Regente Siempreviva,,land,​ Beldum (Dropea Virutas Férreas y raramente Revestimiento metálico),,
356,Regente Siempreviva,,land,​ Gabite(Dropea Grava Seca y raramente Escama Dura),,
356,Regente Siempreviva,,land,​ Gurdurr (Dropea Fibra Elástica y raramente Virutas Férreas),,
356,Regente Siempreviva,,land,​ Heliolisk,,
356,Regente Siempreviva,,land,​ Indeedee (Dropea Fluido Onírico y raramente Baya Zidra),,
356,Regente Siempreviva,,land,​ Duraludon (Dropea Virutas Férreas y raramente Escama Dura),,
356,Regente Siempreviva,,land,​ Archaludon: (Dropea Virutas Férreas y raramente Escama Dura),,
357,Regente Siempreviva,,land,"​ Nido Alfa Tierra: En la parte de la izquierda, después de la hierba alta",,
357,Regente Siempreviva,,land,"​ Tenemos disponibles en Café Galanes, varios intercambios, son los siguientes:",,
369,Clérigo Mirra,,land,​ Cramorant 20% (Dropea Pluma Suave y raramente Agua Vital),,
369,Clérigo Mirra,,land,​ Mienshao 20% (Dropea Fibra Elástica),,
369,Clérigo Mirra,,land,​ Sudowoodo 20% (Dropea Mineral Extraño),,
369,Clérigo Mirra,,land,​ Beheeyem 18%(Dropea Fluido Onírico y raramente Guijarro),,
369,Clérigo Mirra,,land,​ Rufflet 10% (Dropea Pluma Suave y raramente Guijarro),,
369,Clérigo Mirra,,land,​ Braviary 10% (Dropea Pluma Suave y raramente Guijarro),,
369,Clérigo Mirra,,land,​ Dragonite 2% (Dropea Escama Dura y raramente Escama Dragón),,
369,Clérigo Mirra,,land,​ Sharpedo 70% (Dropea raramente Extracto Sombrío),,
369,Clérigo Mirra,,land,​ Cramorant 30% (Dropea Baya Pluma Suave y raramente Agua Vital),,
370,Entrenadores Ruta 23:,,dust,​ Gengar 20% (No tiene drop),,
370,Entrenadores Ruta 23:,,dust,​ Mawile 20% (Dropea Virutas Férreas y raramente Baya Caoca),,
370,Entrenadores Ruta 23:,,dust,​ Swalot 20% (Dropea Poketoxina y raramente Perla Grande),,
370,Entrenadores Ruta 23:,,dust,​ Alakazam 20% (Dropea Fluido Onírico y raramente Cuchara Torcida),,
370,Entrenadores Ruta 23:,,dust,"​ Parasect Z 20% (Dropea Mini Seta, raramente Seta Grande y muy raramente Seta",,
371,Entrenadores Ruta 23:,,land,​ Gogoat 20% (No tiene drop),,
371,Entrenadores Ruta 23:,,land,​ Brambleghast 20% (Dropea Musgo aromático y raramente Ectoplasma),,
371,Entrenadores Ruta 23:,,land,​ Kilowattrel 20% (Dropea Polvo Brillante y raramente Pluma suave),,
371,Entrenadores Ruta 23:,,land,​ Dudunsparce 18% (Dropea Madera y raramente Pelaje Fino),,
371,Entrenadores Ruta 23:,,land,​ Sudowoodo 10% (Dropea Mineral Extraño),,
371,Entrenadores Ruta 23:,,land,​ Sudrasil 10% (Dropea Mineral Extraño),,
371,Entrenadores Ruta 23:,,land,​ Dragonite 2% (Dropea Escama Dura y raramente Escamadragón),,
372,Entrenadores Ruta 23:,,land,​ Gastrodon 70% (Dropea Agua vital y raramente Grava Seca),,
372,Entrenadores Ruta 23:,,land,​ Gyarados 30% (Dropea Agua vital y raramente Escama Dural),,
372,Entrenadores Ruta 23:,,land,"​ Poción Máxima: Al entrar en la ruta, en la hierba alta",,
372,Entrenadores Ruta 23:,,land,​ Defensa X: Detrás de la Poción Máxima,,
372,Entrenadores Ruta 23:,,land,"​ Baya Zidra (x2): Arbusto de bayas, en la zona inferior de la ruta",,
372,Entrenadores Ruta 23:,,land,​ CORVIKNIGHTITA: Detrás de la Granja Yantra,,
372,Entrenadores Ruta 23:,,land,​ Chapa Sabia: En la parte inferior izquierda tras romper un árbol,,
372,Entrenadores Ruta 23:,,land,​ Madera (x2): En una caja de materiales dentro de la Granja,,
372,Entrenadores Ruta 23:,,land,​ PP Máximos: Usaremos surf a la izquierda de la granja e iremos hacia la parte,,
372,Entrenadores Ruta 23:,,land,​ Baya Zidra (x2): Arbusto de Bayas justo debajo de la entrada a Yantra,,
372,Entrenadores Ruta 23:,,land,"​ Chapa Fuerte: Justo debajo de la entrada a Yantra, tras unos Árboles",,
372,Entrenadores Ruta 23:,,land,​ Mini Seta: En la zona de Hierba Alta arriba de la entrada a Yantra,,
376,Monjes Yantra Vicent y Amber:,,land,​ 20% Chatot (Dropea Pluma Suave y raramente Metrónomo),,
376,Monjes Yantra Vicent y Amber:,,land,​ 20% Barbaracle (No tiene drop),,
376,Monjes Yantra Vicent y Amber:,,land,​ 20% Lapras (No tiene drop),,
376,Monjes Yantra Vicent y Amber:,,land,​ 14% Exeggutor (Dropea Baya Aranja y raramente Piedra Hoja),,
376,Monjes Yantra Vicent y Amber:,,land,​ 10% Slowbro (Dropea raramente Roca del Rey),,
376,Monjes Yantra Vicent y Amber:,,land,​ 10% Slowking (Dropea raramente Roca del Rey),,
376,Monjes Yantra Vicent y Amber:,,land,​ 6% Crustle (Dropea raramente Piedra Dura y muy raramente Hueso Raro),,
376,Monjes Yantra Vicent y Amber:,,fish,​ 70% Alomomola (Dropea Agua Vital y raramente Escama Corazón),,
376,Monjes Yantra Vicent y Amber:,,fish,​ 30% Milotic (No tiene drop),,
377,Monjes Yantra Vicent y Amber:,,land,"​ Chapa Fuerte: En la isla de la izquierda, entre la hierba alta",,
377,Monjes Yantra Vicent y Amber:,,land,​ Chapa Sabia: En la isla anterior a la cueva,,
377,Monjes Yantra Vicent y Amber:,,land,​ Chapa Ímpetu: En la isla de la izquierda con una única palmera,,
377,Monjes Yantra Vicent y Amber:,,land,​ Chapa Robusta: En la isla de la derecha con hierba alta,,
377,Monjes Yantra Vicent y Amber:,,land,​ Chapa Espíritu: En la isla más al norte y a la izquierda,,
380,Monjes Yantra Vicent y Amber:,,land,​ Druddigon: Importante bajarlo rápido ya que pega muy duro por la parte física. Lo,,
380,Monjes Yantra Vicent y Amber:,,land,"​ Bronzong: Un pokemon tipo volador o con Levitación lo detiene bastante bien,",,
380,Monjes Yantra Vicent y Amber:,,land,​ Archeops: Una vez le quitemos la mitad de la vida deja de ser peligroso. Un,,
380,Monjes Yantra Vicent y Amber:,,land,"​ Latios: El tipo acero lo frena en seco, igualmente podemos optar por bajarlo con",,
380,Monjes Yantra Vicent y Amber:,,land,"​ Crabominable: Tiene muchas coberturas, pero es de papel. Podemos optar por",,
380,Monjes Yantra Vicent y Amber:,,land,"​ Mega Entei: Importante quitar el sol, lo más recomendable es poner la lluvia. A partir",,
404,Regente Arrayan,,land,​ Exploud 20% (Dropea raramente Baya Atania),,
404,Regente Arrayan,,land,​ Reuniclus Z 20% (Dropea Fluido Onírico y raramente Pokétoxina),,
404,Regente Arrayan,,land,​ Runerigus 20% (Dropea raramente Hechizo),,
404,Regente Arrayan,,land,​ Stonjourner 20% (Dropea raramente Mineral Extraño),,
404,Regente Arrayan,,land,​ Perrserker 18-14-10-5% (Dropea Virutas Férreas),,
404,Regente Arrayan,,land,​ Hydreigon 2-6-10-15% (No tiene drop),,
407,Entrenadores Ruta 25:,,land,​ MrMime 20% (Dropea Polvo Brillante y raramente Baya Zanama),,
407,Entrenadores Ruta 25:,,land,​ Reuniclus Z 20% (Dropea Fluido Onírico y raramente Pokétoxina),,
407,Entrenadores Ruta 25:,,land,​ Metang 20%(Dropea Virutas Férreas y raramente Revestimiento Metálico),,
407,Entrenadores Ruta 25:,,land,​ Gigalith 20% (Dropea PIedraeterna y raramente Piedra Dura),,
407,Entrenadores Ruta 25:,,land,​ Zweilous 18% (No tiene drop),,
407,Entrenadores Ruta 25:,,land,​ Hydreigon 2% (No tiene drop),,
407,Entrenadores Ruta 25:,,land,​ Minior 20% (Dropea raramente Trozo Estrella),,
407,Entrenadores Ruta 25:,,land,​ Carbink 20% (Dropea Mineral Extraño y raramente Azúcar Meloso),,
407,Entrenadores Ruta 25:,,land,​ Metang 20% (Dropea Virutas Férreas y raramente Revestimiento Metálico),,
407,Entrenadores Ruta 25:,,land,​ Ferrothorn 20% (No tiene drop),,
407,Entrenadores Ruta 25:,,land,​ Zweilous 18% (No tiene drop),,
407,Entrenadores Ruta 25:,,land,​ Hydreigon 1% (No tiene drop),,
407,Entrenadores Ruta 25:,,land,​ Metagross 1% (Dropea Virutas Férreas y raramente Revestimiento Metálico),,
437,GOLPE BAJO,,land,​ Stonjourner 20% (Dropea raramente Mineral Extraño),,
437,GOLPE BAJO,,land,​ Hawlucha 20% (No tiene drop),,
437,GOLPE BAJO,,land,​ Runerigus 20%(No tiene drop),,
437,GOLPE BAJO,,land,​ Eevee 20% (No tiene drop),,
437,GOLPE BAJO,,land,​ Sigilyph 14% (Dropea Fluido Onírico),,
437,GOLPE BAJO,,land,​ Munchlax 4% (Dropea Restos),,
437,GOLPE BAJO,,land,​ Snorlax 2% (No tiene drop),,
438,GOLPE BAJO,,land,​ Margarito: Se encuentra en una casa ubicada en la parte superior derecha de la,,
438,GOLPE BAJO,,land,"​ Isidora: Se encuentra en la ruta 8, al lado de la gran fuente central, junto a un",,
438,GOLPE BAJO,,land,"​ Dendro: Se encuentra en la Estación de Servicio, nos pedirá encontrar 2 libros que",,
438,GOLPE BAJO,,land,"​ Espino: Se encuentra en la Ruta 11, deberemos buscar su espada (Estará oculta en",,
438,GOLPE BAJO,,land,"​ Jara: Se encuentra en Viejo Vánitas, en una casa junto a su Furret enfermo,",,
438,GOLPE BAJO,,land,"​ Plumanegra: Se encuentra en las Criptas de Luminalia, deberemos encontrar sus",,
438,GOLPE BAJO,,land,"​ Pistia: Se encuentra en la Torre Oscura, deberemos liberarla del control mental de",,
438,GOLPE BAJO,,land,"​ Mariano y Luciano: Se encuentran dentro de la fábrica de Poké Balls, detrás de una",,
438,GOLPE BAJO,,land,"​ Dandelio: Se encuentra en la Prisión del Olvido, a la derecha, tras descender las",,
438,GOLPE BAJO,,land,​ Andrea: Es una recluta Azoth que encontraremos en la casa de la ruta 16. Nos,,
439,GOLPE BAJO,,land,"​ Ginia: Se encuentra en la Ruta 19, en una casa junto a la entrada de la Cueva",,
439,GOLPE BAJO,,land,"​ Briof: Pueblo Mosaico, zona izquierda. Tras verle, deberemos ir a la Ruta 20 y",,
439,GOLPE BAJO,,land,"​ Mimi: Pueblo Sanguino, en la casa más occidental del pueblo, tras hablar con ella, te",,
439,GOLPE BAJO,,land,​ Madame Caléndula: Se encuentra en la Estación de Luminalia(Expansiones de,,
439,GOLPE BAJO,,land,"​ Cerúleo:en un barco en tierra en la ruta 23, al rodear el barranco por la derecha",,
440,GOLPE BAJO,,land,​ Ciudad Grisalla: Entre un árbol y una pared de roca a la derecha de la ciudad,,
440,GOLPE BAJO,,land,"​ Ruta 3: En la segunda parte de la ruta, entrar al charco de agua y caminar hacia la",,
440,GOLPE BAJO,,land,"​ Bosque Ladera: Debes tomar una salida alterna del bosque, en lugar de tomar la de",,
440,GOLPE BAJO,,land,"​ Bosque Ladera Parte 2: Una vez finalizado el combate Boss contra Núbila, a la",,
440,GOLPE BAJO,,land,"​ Pueblo Collage: En la parte superior derecha hay un laberinto con montículos, es",,
440,GOLPE BAJO,,land,"​ Ruta 5 Parte 2: En la segunda parte de la ruta, abajo derecha habrá un camino para",,
440,GOLPE BAJO,,land,"​ Santuario de los Reyes: A la izquierda de las estatuas, tomar el camino hacia arriba",,
440,GOLPE BAJO,,land,"​ Jardín de Chateau Rosillon: En la parte superior izquierda hay un hueco, de ahí es ir",,
440,GOLPE BAJO,,land,"​ Antigua Biblioteca: Desde la sala donde se encontraban Melia y Crisanto, debemos",,
440,GOLPE BAJO,,land,"​ Pantano Profano: Al llegar al enorme charco de agua en la primera pantalla, ir hacia",,
440,GOLPE BAJO,,land,"​ Ruta 7 Parte 2: En la parte inferior izquierda de la ruta, tras bajar dos escaleras ir",,
440,GOLPE BAJO,,land,"​ Ciudad Novarte: En la parte inferior de la primera clase, que está a la izquierda nada",,
440,GOLPE BAJO,,land,"​ Taller Quemado: En el sótano, en la esquina superior izquierda",,
440,GOLPE BAJO,,land,"​ Taller Quemado: En el sótano, en la sala donde conocemos a F3, en la zona de la",,
440,GOLPE BAJO,,land,"​ Ruta 8: En la parte totalmente a la izquierda de la ruta a media altura, deberemos ir",,
440,GOLPE BAJO,,land,"​ Ruta 8 Parte 3: En la zona izquierda de la ruta, a la izquierda de la mansión detrás",,
440,GOLPE BAJO,,land,"​ Mansión de Lanto: En la dimensión alterna, en el dormitorio de la izquierda de la sala",,
440,GOLPE BAJO,,land,​ Catacumbas Septentrionales: En la esquina inferior izquierda de la sala donde,,
440,GOLPE BAJO,,land,"​ Pueblo Bodegón: En la zona más a la derecha del pueblo, dentro de los cultivos",,
440,GOLPE BAJO,,land,"​ Ruta 9: En la zona de la izquierda, deberemos acceder por la esquina superior",,
440,GOLPE BAJO,,land,"​ Ruta 10: En la zona central de la ruta, habrá que usar Polvo Explosivo para abrirnos",,
441,GOLPE BAJO,,land,"​ Isla Certijo: En la parte superior central de la zona, a la derecha de un arco de hojas",,
441,GOLPE BAJO,,land,"​ Ruta 11: En un islote solitario a la izquierda del mapa, requerimos de la capacidad de",,
441,GOLPE BAJO,,land,​ Ruta 11 Parte 2: Tras tomar un par de saltos hacia abajo quedará en la zona,,
441,GOLPE BAJO,,land,"​ Viejo Vánitas: En el mapa izquierdo, en la zona central, estará en el cementerio,",,
441,GOLPE BAJO,,land,​ Huerto Vánitas: En la esquina inferior derecha del huerto,,
441,GOLPE BAJO,,land,"​ Ruta 13: En la segunda pantalla, nada más entrar nos debemos pegar a los árboles",,
441,GOLPE BAJO,,land,"​ Ciudad Luminalia Sur: En la cafetería, dentro de la barra",,
441,GOLPE BAJO,,land,"​ Catedral Señorial: Deberemos subir las escaleras de la izquierda de la planta inferior,",,
441,GOLPE BAJO,,land,"​ Ciudad Luminalia Norte: En la esquina superior derecha del mapa, detrás de una",,
441,GOLPE BAJO,,land,​ Ciudad Luminalia Norte: Deberemos hacer Surf en la zona central y rodear unos,,
441,GOLPE BAJO,,land,"​ Frontera con Paldea, dentro de los Pirineos de Kalos: Habrá que romper unas rocas",,
441,GOLPE BAJO,,land,​ Torre Oscura: Justo debajo de la puerta que da acceso a la pelea contra el clon,,
441,GOLPE BAJO,,land,"​ Ruta 14: Justo a la izquierda del primer puente habrá un hueco para poder surfear,",,
441,GOLPE BAJO,,land,​ Ruta 15: Nada más entrar en la ruta hacia abajo y a la izquierda,,
441,GOLPE BAJO,,land,"​ Ruta 15: Justo debajo del puente, deberemos surfear el río hacia abajo y después",,
441,GOLPE BAJO,,land,"​ Ruta 17: En la esquina inferior derecha del mapa, deberemos bajar al nivel inferior y",,
441,GOLPE BAJO,,land,​ Ruta 18: Entre la hierba alta debajo del Grumpig sanador,,
441,GOLPE BAJO,,land,"​ Lago de Ciudad Fluxus: Zona central norte del lago, a la derecha y arriba de la",,
441,GOLPE BAJO,,land,​ Ruta 19: Detrás de la roca al lado del Refugio,,
441,GOLPE BAJO,,land,"​ Ruta 20: En la parte inferior de la ruta, tras atravesar el puente por abajo, justo al",,
441,GOLPE BAJO,,land,"​ Ruta 21: En la zona superior derecha del mapa, para llegar a ella necesitaremos",,
441,GOLPE BAJO,,land,​ Bosque Errante: En la zona con un árbol gigante en medio solo accesible por arriba,,
441,GOLPE BAJO,,land,​ Ruta 22: Tras cortar unos árboles en una zona de columpios,,
441,GOLPE BAJO,,land,​ Expansiones Luminalia Este: Tras unos edificios en construcción,,
441,GOLPE BAJO,,land,"​ En la ruta 23 , tras subir por unas piedras casi al comienzo",,
441,GOLPE BAJO,,land,​ En la ruta 23 al rodear por la derecha el acantilado tras la intersección y bajar,,
